date,company,product,width,height,unit_price,qty_per_box,shipping_per_box,status,vat_status,availability,product_url,usage_scope,time
2025-06-02,박스몰,에어캡봉투 20x30 (전월 3/16에 53원. 90%폭등),20.0,30.0,53.0,440.0,5300.0,🟢 수집,미포함,판매중,https://www.boxmall.net/product/product_view.php?query=view&code=000038&no=427,범용,00:00:00
2025-06-02,박스몰,에어캡봉투 25x32,25.0,32.0,70.0,350.0,5300.0,🟢 수집,미포함,품절,https://www.boxmall.net/product/product_view.php?query=view&code=000038&no=430,범용,00:00:00
2025-07-21,박스몰,에어캡봉투 20x30 (전월 3/16에 53원. 90%폭등),20.0,30.0,53.0,440.0,5300.0,🟢 수집,미포함,판매중,https://www.boxmall.net/product/product_view.php?query=view&code=000038&no=427,범용,00:00:00
2025-08-20,박스몰,에어캡봉투 25x32,25.0,32.0,70.0,350.0,5300.0,🟢 수집,미포함,품절,https://www.boxmall.net/product/product_view.php?query=view&code=000038&no=430,범용,00:00:00
2025-09-23,박스몰,에어캡봉투 25x32,25.0,32.0,70.0,350.0,5300.0,🟢 수집,미포함,품절,https://www.boxmall.net/product/product_view.php?query=view&code=000038&no=430,범용,00:00:00
2025-10-31,박스몰,에어캡봉투 25x32,25.0,32.0,70.0,350.0,5300.0,🟢 수집,미포함,품절,https://www.boxmall.net/product/product_view.php?query=view&code=000038&no=430,범용,00:00:00
2025-11-28,박스몰,에어캡봉투 20x30 (전월 3/16에 53원. 90%폭등),20.0,30.0,53.0,440.0,5300.0,🟢 수집,미포함,판매중,https://www.boxmall.net/product/product_view.php?query=view&code=000038&no=427,범용,00:00:00
2026-01-26,박스몰,에어캡봉투 25x32,25.0,32.0,70.0,350.0,5300.0,🟢 수집,미포함,품절,https://www.boxmall.net/product/product_view.php?query=view&code=000038&no=430,범용,00:00:00
2026-03-16,박스몰,에어캡봉투 20x30 (전월 3/16에 53원. 90%폭등),20.0,30.0,53.0,440.0,5300.0,🟢 수집,미포함,판매중,https://www.boxmall.net/product/product_view.php?query=view&code=000038&no=427,범용,00:00:00
2026-03-16,박스몰,에어캡봉투 25x32,25.0,32.0,70.0,350.0,5300.0,🟢 수집,미포함,품절,https://www.boxmall.net/product/product_view.php?query=view&code=000038&no=430,범용,00:00:00
2026-03-16,박스몰,에어캡봉투 25x35,25.0,35.0,73.0,320.0,5300.0,🟢 수집,미포함,판매중,https://www.boxmall.net/product/product_view.php?query=view&code=000038&no=2693,범용,00:00:00
2026-04-18,달인 패키지,에어캡봉투 20*30,20.0,30.0,56.0,5000.0,65000.0,🟢 수집,미포함,판매중,https://dalinweb.cafe24.com/shop/item.php?it_id=1703025293&opidx=8,오백미리,00:00:00
2026-04-18,달인 패키지,에어캡봉투 25*35,25.0,35.0,101.0,4500.0,65000.0,🟢 수집,미포함,판매중,https://dalinweb.cafe24.com/shop/item.php?it_id=1703025293&opidx=11,천미리,00:00:00
2026-04-18,박스몰,에어캡봉투 20x30,20.0,30.0,101.0,440.0,5300.0,🟢 수집,미포함,판매중,https://www.boxmall.net/product/product_view.php?query=view&code=000038&no=427,오백미리,00:00:00
2026-04-18,박스몰,에어캡봉투 25x32,25.0,32.0,132.0,350.0,5300.0,🟢 수집,미포함,품절,https://www.boxmall.net/product/product_view.php?query=view&code=000038&no=430,천미리,00:00:00
2026-04-18,박스몰,에어캡봉투 25x35,25.0,35.0,139.0,320.0,5300.0,🟢 수집,미포함,판매중,https://www.boxmall.net/product/product_view.php?query=view&code=000038&no=2693,천미리,00:00:00
2026-04-18,비닐닷컴,에어캡봉투/비접착/200*300/200매,20.0,30.0,103.2,200.0,0.0,🟢 수집,포함,판매중,https://xn--ij1bycz62bkyq.com/product/detail.html?product_no=393&cate_no=105&display_group=1,오백미리,00:00:00
2026-04-18,비닐닷컴,에어캡봉투/비접착/250*300/200매,25.0,30.0,129.7,200.0,0.0,🟢 수집,포함,판매중,https://xn--ij1bycz62bkyq.com/product/detail.html?product_no=395&cate_no=105&display_group=1,천미리,00:00:00
2026-04-18,포장몰,에어캡봉투 180x280 300매-BG18,18.0,28.0,101.66666666666669,300.0,0.0,🟢 수집,미포함,품절,https://pojangmall.co.kr/product/에어캡봉투-180x280-300매-bg18/949/category/75/display/1/,오백미리,00:00:00
2026-04-18,포장몰,에어캡봉투 240x340 200매-BG24,24.0,34.0,151.5,200.0,0.0,🟢 수집,미포함,판매중,https://pojangmall.co.kr/product/에어캡봉투-240x340-200매-bg24/950/category/75/display/1/,천미리,00:00:00
2026-04-18,달인 패키지,에어캡봉투 25*25,25.0,25.0,82.0,5000.0,65000.0,🟢 수집,미포함,판매중,https://dalinweb.cafe24.com/shop/item.php?it_id=1703025293&opidx=10,범용,00:00:00
2026-04-19,달인 패키지,에어캡봉투 20*30,20.0,30.0,56.0,5000.0,65000.0,🟢 수집,미포함,판매중,https://dalinweb.cafe24.com/shop/item.php?it_id=1703025293&opidx=8,오백미리,00:00:00
2026-04-19,달인 패키지,에어캡봉투 25*35,25.0,35.0,101.0,4500.0,65000.0,🟢 수집,미포함,판매중,https://dalinweb.cafe24.com/shop/item.php?it_id=1703025293&opidx=11,천미리,00:00:00
2026-04-19,박스몰,에어캡봉투 20x30,20.0,30.0,101.0,440.0,5300.0,🟢 수집,미포함,판매중,https://www.boxmall.net/product/product_view.php?query=view&code=000038&no=427,오백미리,00:00:00
2026-04-19,박스몰,에어캡봉투 25x32,25.0,32.0,132.0,350.0,5300.0,🟢 수집,미포함,품절,https://www.boxmall.net/product/product_view.php?query=view&code=000038&no=430,천미리,00:00:00
2026-04-19,박스몰,에어캡봉투 25x35,25.0,35.0,139.0,320.0,5300.0,🟢 수집,미포함,판매중,https://www.boxmall.net/product/product_view.php?query=view&code=000038&no=2693,천미리,00:00:00
2026-04-19,비닐닷컴,에어캡봉투/비접착/200*300/200매,20.0,30.0,103.2,200.0,0.0,🟢 수집,포함,판매중,https://xn--ij1bycz62bkyq.com/product/detail.html?product_no=393&cate_no=105&display_group=1,오백미리,00:00:00
2026-04-19,비닐닷컴,에어캡봉투/비접착/250*300/200매,25.0,30.0,129.7,200.0,0.0,🟢 수집,포함,판매중,https://xn--ij1bycz62bkyq.com/product/detail.html?product_no=395&cate_no=105&display_group=1,천미리,00:00:00
2026-04-19,포장몰,에어캡봉투 180x280 300매-BG18,18.0,28.0,101.66666666666669,300.0,0.0,🟢 수집,미포함,품절,https://pojangmall.co.kr/product/에어캡봉투-180x280-300매-bg18/949/category/75/display/1/,오백미리,00:00:00
2026-04-19,포장몰,에어캡봉투 240x340 200매-BG24,24.0,34.0,151.5,200.0,0.0,🟢 수집,미포함,판매중,https://pojangmall.co.kr/product/에어캡봉투-240x340-200매-bg24/950/category/75/display/1/,천미리,00:00:00
2026-04-19,달인 패키지,에어캡봉투 25*25,25.0,25.0,82.0,5000.0,65000.0,🟢 수집,미포함,판매중,https://dalinweb.cafe24.com/shop/item.php?it_id=1703025293&opidx=10,범용,00:00:00
2026-04-20,달인 패키지,에어캡봉투 20*30,20.0,30.0,56.0,5000.0,65000.0,🟢 수집,미포함,판매중,https://dalinweb.cafe24.com/shop/item.php?it_id=1703025293&opidx=8,오백미리,00:00:00
2026-04-20,달인 패키지,에어캡봉투 25*35,25.0,35.0,101.0,4500.0,65000.0,🟢 수집,미포함,판매중,https://dalinweb.cafe24.com/shop/item.php?it_id=1703025293&opidx=11,천미리,00:00:00
2026-04-20,박스몰,에어캡봉투 20x30,20.0,30.0,101.0,440.0,5300.0,🟢 수집,미포함,품절,https://www.boxmall.net/product/product_view.php?query=view&code=000038&no=427,오백미리,00:00:00
2026-04-20,박스몰,에어캡봉투 25x32,25.0,32.0,132.0,350.0,5300.0,🟢 수집,미포함,품절,https://www.boxmall.net/product/product_view.php?query=view&code=000038&no=430,천미리,00:00:00
2026-04-20,박스몰,에어캡봉투 25x35,25.0,35.0,139.0,320.0,5300.0,🟢 수집,미포함,품절,https://www.boxmall.net/product/product_view.php?query=view&code=000038&no=2693,천미리,00:00:00
2026-04-20,비닐닷컴,에어캡봉투/비접착/200*300/200매,20.0,30.0,103.2,200.0,0.0,🟢 수집,포함,판매중,https://xn--ij1bycz62bkyq.com/product/detail.html?product_no=393&cate_no=105&display_group=1,오백미리,00:00:00
2026-04-20,비닐닷컴,에어캡봉투/비접착/250*300/200매,25.0,30.0,129.7,200.0,0.0,🟢 수집,포함,판매중,https://xn--ij1bycz62bkyq.com/product/detail.html?product_no=395&cate_no=105&display_group=1,천미리,00:00:00
2026-04-20,포장몰,에어캡봉투 180x280 300매-BG18,18.0,28.0,101.66666666666669,300.0,0.0,🟢 수집,미포함,품절,https://pojangmall.co.kr/product/에어캡봉투-180x280-300매-bg18/949/category/75/display/1/,오백미리,00:00:00
2026-04-20,포장몰,에어캡봉투 240x340 200매-BG24,24.0,34.0,151.5,200.0,0.0,🟢 수집,미포함,판매중,https://pojangmall.co.kr/product/에어캡봉투-240x340-200매-bg24/950/category/75/display/1/,천미리,00:00:00
2026-04-20,달인 패키지,에어캡봉투 25*25,25.0,25.0,82.0,5000.0,65000.0,🟢 수집,미포함,판매중,https://dalinweb.cafe24.com/shop/item.php?it_id=1703025293&opidx=10,범용,00:00:00
2026-04-21,달인 패키지,에어캡봉투 20*30,20.0,30.0,56.0,5000.0,65000.0,🟢 수집,미포함,판매중,https://dalinweb.cafe24.com/shop/item.php?it_id=1703025293&opidx=8,오백미리,00:00:00
2026-04-21,달인 패키지,에어캡봉투 25*35,25.0,35.0,101.0,4500.0,65000.0,🟢 수집,미포함,판매중,https://dalinweb.cafe24.com/shop/item.php?it_id=1703025293&opidx=11,천미리,00:00:00
2026-04-21,박스몰,에어캡봉투 20x30,20.0,30.0,101.0,440.0,5300.0,🟢 수집,미포함,판매중,https://www.boxmall.net/product/product_view.php?query=view&code=000038&no=427,오백미리,00:00:00
2026-04-21,박스몰,에어캡봉투 25x32,25.0,32.0,132.0,350.0,5300.0,🟢 수집,미포함,품절,https://www.boxmall.net/product/product_view.php?query=view&code=000038&no=430,천미리,00:00:00
2026-04-21,박스몰,에어캡봉투 25x35,25.0,35.0,139.0,320.0,5300.0,🟢 수집,미포함,품절,https://www.boxmall.net/product/product_view.php?query=view&code=000038&no=2693,천미리,00:00:00
2026-04-21,비닐닷컴,에어캡봉투/비접착/200*300/200매,20.0,30.0,103.2,200.0,0.0,🟢 수집,포함,판매중,https://xn--ij1bycz62bkyq.com/product/detail.html?product_no=393&cate_no=105&display_group=1,오백미리,00:00:00
2026-04-21,비닐닷컴,에어캡봉투/비접착/250*300/200매,25.0,30.0,129.7,200.0,0.0,🟢 수집,포함,판매중,https://xn--ij1bycz62bkyq.com/product/detail.html?product_no=395&cate_no=105&display_group=1,천미리,00:00:00
2026-04-21,포장몰,에어캡봉투 180x280 300매-BG18,18.0,28.0,101.66666666666669,300.0,0.0,🟢 수집,미포함,품절,https://pojangmall.co.kr/product/에어캡봉투-180x280-300매-bg18/949/category/75/display/1/,오백미리,00:00:00
2026-04-21,포장몰,에어캡봉투 240x340 200매-BG24,24.0,34.0,151.5,200.0,0.0,🟢 수집,미포함,판매중,https://pojangmall.co.kr/product/에어캡봉투-240x340-200매-bg24/950/category/75/display/1/,천미리,00:00:00
2026-04-21,달인 패키지,에어캡봉투 25*25,25.0,25.0,82.0,5000.0,65000.0,🟢 수집,미포함,판매중,https://dalinweb.cafe24.com/shop/item.php?it_id=1703025293&opidx=10,범용,00:00:00
2026-04-22,달인 패키지,에어캡봉투 20*30,20.0,30.0,56.0,5000.0,65000.0,🟢 수집,미포함,판매중,https://dalinweb.cafe24.com/shop/item.php?it_id=1703025293&opidx=8,오백미리,00:00:00
2026-04-22,달인 패키지,에어캡봉투 25*35,25.0,35.0,101.0,4500.0,65000.0,🟢 수집,미포함,판매중,https://dalinweb.cafe24.com/shop/item.php?it_id=1703025293&opidx=11,천미리,00:00:00
2026-04-22,박스몰,에어캡봉투 20x30,20.0,30.0,101.0,440.0,5300.0,🟢 수집,미포함,판매중,https://www.boxmall.net/product/product_view.php?query=view&code=000038&no=427,오백미리,00:00:00
2026-04-22,박스몰,에어캡봉투 25x32,25.0,32.0,132.0,350.0,5300.0,🟢 수집,미포함,품절,https://www.boxmall.net/product/product_view.php?query=view&code=000038&no=430,천미리,00:00:00
2026-04-22,박스몰,에어캡봉투 25x35,25.0,35.0,139.0,320.0,5300.0,🟢 수집,미포함,품절,https://www.boxmall.net/product/product_view.php?query=view&code=000038&no=2693,천미리,00:00:00
2026-04-22,비닐닷컴,에어캡봉투/비접착/200*300/200매,20.0,30.0,103.2,200.0,0.0,🟢 수집,포함,판매중,https://xn--ij1bycz62bkyq.com/product/detail.html?product_no=393&cate_no=105&display_group=1,오백미리,00:00:00
2026-04-22,비닐닷컴,에어캡봉투/비접착/250*300/200매,25.0,30.0,129.7,200.0,0.0,🟢 수집,포함,판매중,https://xn--ij1bycz62bkyq.com/product/detail.html?product_no=395&cate_no=105&display_group=1,천미리,00:00:00
2026-04-22,포장몰,에어캡봉투 180x280 300매-BG18,18.0,28.0,101.66666666666669,300.0,0.0,🟢 수집,미포함,품절,https://pojangmall.co.kr/product/에어캡봉투-180x280-300매-bg18/949/category/75/display/1/,오백미리,00:00:00
2026-04-22,포장몰,에어캡봉투 240x340 200매-BG24,24.0,34.0,151.5,200.0,0.0,🟢 수집,미포함,판매중,https://pojangmall.co.kr/product/에어캡봉투-240x340-200매-bg24/950/category/75/display/1/,천미리,00:00:00
2026-04-22,달인 패키지,에어캡봉투 25*25,25.0,25.0,82.0,5000.0,65000.0,🟢 수집,미포함,판매중,https://dalinweb.cafe24.com/shop/item.php?it_id=1703025293&opidx=10,범용,00:00:00
2026-04-23,달인 패키지,에어캡봉투 20*30,20.0,30.0,56.0,5000.0,65000.0,🟢 수집,미포함,판매중,https://dalinweb.cafe24.com/shop/item.php?it_id=1703025293&opidx=8,오백미리,23:09:56
2026-04-23,달인 패키지,에어캡봉투 25*35,25.0,35.0,101.0,4500.0,65000.0,🟢 수집,미포함,판매중,https://dalinweb.cafe24.com/shop/item.php?it_id=1703025293&opidx=11,천미리,23:09:56
2026-04-23,박스몰,에어캡봉투 20x30,20.0,30.0,101.0,440.0,5300.0,🟢 수집,미포함,판매중,https://www.boxmall.net/product/product_view.php?query=view&code=000038&no=427,오백미리,23:09:56
2026-04-23,박스몰,에어캡봉투 25x32,25.0,32.0,132.0,350.0,5300.0,🟢 수집,미포함,품절,https://www.boxmall.net/product/product_view.php?query=view&code=000038&no=430,천미리,23:09:56
2026-04-23,박스몰,에어캡봉투 25x35,25.0,35.0,139.0,320.0,5300.0,🟢 수집,미포함,품절,https://www.boxmall.net/product/product_view.php?query=view&code=000038&no=2693,천미리,23:09:56
2026-04-23,비닐닷컴,에어캡봉투/비접착/200*300/200매,20.0,30.0,103.2,200.0,0.0,🟢 수집,포함,판매중,https://xn--ij1bycz62bkyq.com/product/detail.html?product_no=393&cate_no=105&display_group=1,오백미리,23:09:56
2026-04-23,비닐닷컴,에어캡봉투/비접착/250*300/200매,25.0,30.0,129.7,200.0,0.0,🟢 수집,포함,판매중,https://xn--ij1bycz62bkyq.com/product/detail.html?product_no=395&cate_no=105&display_group=1,천미리,23:09:56
2026-04-23,포장몰,에어캡봉투 180x280 300매-BG18,18.0,28.0,101.66666666666669,300.0,0.0,🟢 수집,미포함,품절,https://pojangmall.co.kr/product/에어캡봉투-180x280-300매-bg18/949/category/75/display/1/,오백미리,23:09:56
2026-04-23,포장몰,에어캡봉투 240x340 200매-BG24,24.0,34.0,151.5,200.0,0.0,🟢 수집,미포함,판매중,https://pojangmall.co.kr/product/에어캡봉투-240x340-200매-bg24/950/category/75/display/1/,천미리,23:09:56
2026-04-23,달인 패키지,에어캡봉투 25*25,25.0,25.0,82.0,5000.0,65000.0,🟢 수집,미포함,판매중,https://dalinweb.cafe24.com/shop/item.php?it_id=1703025293&opidx=10,범용,23:09:56
2026-04-24,달인 패키지,에어캡봉투 20*30,20.0,30.0,56.0,5000.0,65000.0,🟢 수집,미포함,판매중,https://dalinweb.cafe24.com/shop/item.php?it_id=1703025293&opidx=8,오백미리,22:29:26
2026-04-24,달인 패키지,에어캡봉투 25*35,25.0,35.0,101.0,4500.0,65000.0,🟢 수집,미포함,판매중,https://dalinweb.cafe24.com/shop/item.php?it_id=1703025293&opidx=11,천미리,22:29:26
2026-04-24,박스몰,에어캡봉투 20x30,20.0,30.0,101.0,440.0,5300.0,🟢 수집,미포함,판매중,https://www.boxmall.net/product/product_view.php?query=view&code=000038&no=427,오백미리,22:29:26
2026-04-24,박스몰,에어캡봉투 25x32,25.0,32.0,132.0,350.0,5300.0,🟢 수집,미포함,판매중,https://www.boxmall.net/product/product_view.php?query=view&code=000038&no=430,천미리,22:29:26
2026-04-24,박스몰,에어캡봉투 25x35,25.0,35.0,139.0,320.0,5300.0,🟢 수집,미포함,품절,https://www.boxmall.net/product/product_view.php?query=view&code=000038&no=2693,천미리,22:29:26
2026-04-24,비닐닷컴,에어캡봉투/비접착/200*300/200매,20.0,30.0,103.2,200.0,0.0,🟢 수집,포함,판매중,https://xn--ij1bycz62bkyq.com/product/detail.html?product_no=393&cate_no=105&display_group=1,오백미리,22:29:26
2026-04-24,비닐닷컴,에어캡봉투/비접착/250*300/200매,25.0,30.0,129.7,200.0,0.0,🟢 수집,포함,판매중,https://xn--ij1bycz62bkyq.com/product/detail.html?product_no=395&cate_no=105&display_group=1,천미리,22:29:26
2026-04-24,포장몰,에어캡봉투 180x280 300매-BG18,18.0,28.0,101.66666666666669,300.0,0.0,🟢 수집,미포함,품절,https://pojangmall.co.kr/product/에어캡봉투-180x280-300매-bg18/949/category/75/display/1/,오백미리,22:29:26
2026-04-24,포장몰,에어캡봉투 240x340 200매-BG24,24.0,34.0,151.5,200.0,0.0,🟢 수집,미포함,판매중,https://pojangmall.co.kr/product/에어캡봉투-240x340-200매-bg24/950/category/75/display/1/,천미리,22:29:26
2026-04-24,달인 패키지,에어캡봉투 25*25,25.0,25.0,82.0,5000.0,65000.0,🟢 수집,미포함,판매중,https://dalinweb.cafe24.com/shop/item.php?it_id=1703025293&opidx=10,범용,22:29:26
2026-04-25,달인 패키지,에어캡봉투 20*30,20.0,30.0,56.0,5000.0,65000.0,🟢 수집,미포함,판매중,https://dalinweb.cafe24.com/shop/item.php?it_id=1703025293&opidx=8,오백미리,22:04:08
2026-04-25,달인 패키지,에어캡봉투 25*35,25.0,35.0,101.0,4500.0,65000.0,🟢 수집,미포함,판매중,https://dalinweb.cafe24.com/shop/item.php?it_id=1703025293&opidx=11,천미리,22:04:08
2026-04-25,박스몰,에어캡봉투 20x30,20.0,30.0,101.0,440.0,5300.0,🟢 수집,미포함,판매중,https://www.boxmall.net/product/product_view.php?query=view&code=000038&no=427,오백미리,22:04:08
2026-04-25,박스몰,에어캡봉투 25x32,25.0,32.0,132.0,350.0,5300.0,🟢 수집,미포함,판매중,https://www.boxmall.net/product/product_view.php?query=view&code=000038&no=430,천미리,22:04:08
2026-04-25,박스몰,에어캡봉투 25x35,25.0,35.0,139.0,320.0,5300.0,🟢 수집,미포함,품절,https://www.boxmall.net/product/product_view.php?query=view&code=000038&no=2693,천미리,22:04:08
2026-04-25,비닐닷컴,에어캡봉투/비접착/200*300/200매,20.0,30.0,103.2,200.0,0.0,🟢 수집,포함,판매중,https://xn--ij1bycz62bkyq.com/product/detail.html?product_no=393&cate_no=105&display_group=1,오백미리,22:04:08
2026-04-25,비닐닷컴,에어캡봉투/비접착/250*300/200매,25.0,30.0,129.7,200.0,0.0,🟢 수집,포함,판매중,https://xn--ij1bycz62bkyq.com/product/detail.html?product_no=395&cate_no=105&display_group=1,천미리,22:04:08
2026-04-25,포장몰,에어캡봉투 180x280 300매-BG18,18.0,28.0,101.66666666666669,300.0,0.0,🟢 수집,미포함,품절,https://pojangmall.co.kr/product/에어캡봉투-180x280-300매-bg18/949/category/75/display/1/,오백미리,22:04:08
2026-04-25,포장몰,에어캡봉투 240x340 200매-BG24,24.0,34.0,151.5,200.0,0.0,🟢 수집,미포함,판매중,https://pojangmall.co.kr/product/에어캡봉투-240x340-200매-bg24/950/category/75/display/1/,천미리,22:04:08
2026-04-25,달인 패키지,에어캡봉투 25*25,25.0,25.0,82.0,5000.0,65000.0,🟢 수집,미포함,판매중,https://dalinweb.cafe24.com/shop/item.php?it_id=1703025293&opidx=10,범용,22:04:08
2026-04-26,달인 패키지,에어캡봉투 20*30,20.0,30.0,56.0,5000.0,65000.0,🟢 수집,미포함,판매중,https://dalinweb.cafe24.com/shop/item.php?it_id=1703025293&opidx=8,오백미리,23:59:43
2026-04-26,달인 패키지,에어캡봉투 25*35,25.0,35.0,101.0,4500.0,65000.0,🟢 수집,미포함,판매중,https://dalinweb.cafe24.com/shop/item.php?it_id=1703025293&opidx=11,천미리,23:59:43
2026-04-26,박스몰,에어캡봉투 20x30,20.0,30.0,101.0,440.0,5300.0,🟢 수집,미포함,판매중,https://www.boxmall.net/product/product_view.php?query=view&code=000038&no=427,오백미리,23:59:43
2026-04-26,박스몰,에어캡봉투 25x32,25.0,32.0,132.0,350.0,5300.0,🟢 수집,미포함,판매중,https://www.boxmall.net/product/product_view.php?query=view&code=000038&no=430,천미리,23:59:43
2026-04-26,박스몰,에어캡봉투 25x35,25.0,35.0,139.0,320.0,5300.0,🟢 수집,미포함,품절,https://www.boxmall.net/product/product_view.php?query=view&code=000038&no=2693,천미리,23:59:43
2026-04-26,비닐닷컴,에어캡봉투/비접착/200*300/200매,20.0,30.0,103.2,200.0,0.0,🟢 수집,포함,판매중,https://xn--ij1bycz62bkyq.com/product/detail.html?product_no=393&cate_no=105&display_group=1,오백미리,23:59:43
2026-04-26,비닐닷컴,에어캡봉투/비접착/250*300/200매,25.0,30.0,129.7,200.0,0.0,🟢 수집,포함,판매중,https://xn--ij1bycz62bkyq.com/product/detail.html?product_no=395&cate_no=105&display_group=1,천미리,23:59:43
2026-04-26,포장몰,에어캡봉투 180x280 300매-BG18,18.0,28.0,101.66666666666669,300.0,0.0,🟢 수집,미포함,품절,https://pojangmall.co.kr/product/에어캡봉투-180x280-300매-bg18/949/category/75/display/1/,오백미리,23:59:43
2026-04-26,포장몰,에어캡봉투 240x340 200매-BG24,24.0,34.0,151.5,200.0,0.0,🟢 수집,미포함,판매중,https://pojangmall.co.kr/product/에어캡봉투-240x340-200매-bg24/950/category/75/display/1/,천미리,23:59:43
2026-04-26,달인 패키지,에어캡봉투 25*25,25.0,25.0,82.0,5000.0,65000.0,🟢 수집,미포함,판매중,https://dalinweb.cafe24.com/shop/item.php?it_id=1703025293&opidx=10,범용,23:59:43
2026-04-27,달인 패키지,에어캡봉투 20*30,20.0,30.0,56.0,5000.0,65000.0,🟢 수집,미포함,판매중,https://dalinweb.cafe24.com/shop/item.php?it_id=1703025293&opidx=8,오백미리,21:36:35
2026-04-27,달인 패키지,에어캡봉투 25*35,25.0,35.0,101.0,4500.0,65000.0,🟢 수집,미포함,판매중,https://dalinweb.cafe24.com/shop/item.php?it_id=1703025293&opidx=11,천미리,21:36:35
2026-04-27,박스몰,에어캡봉투 20x30,20.0,30.0,101.0,440.0,5300.0,🟢 수집,미포함,품절,https://www.boxmall.net/product/product_view.php?query=view&code=000038&no=427,오백미리,21:36:35
2026-04-27,박스몰,에어캡봉투 25x32,25.0,32.0,132.0,350.0,5300.0,🟢 수집,미포함,판매중,https://www.boxmall.net/product/product_view.php?query=view&code=000038&no=430,천미리,21:36:35
2026-04-27,박스몰,에어캡봉투 25x35,25.0,35.0,139.0,320.0,5300.0,🟢 수집,미포함,품절,https://www.boxmall.net/product/product_view.php?query=view&code=000038&no=2693,천미리,21:36:35
2026-04-27,비닐닷컴,에어캡봉투/비접착/200*300/200매,20.0,30.0,103.2,200.0,0.0,🟢 수집,포함,판매중,https://xn--ij1bycz62bkyq.com/product/detail.html?product_no=393&cate_no=105&display_group=1,오백미리,21:36:35
2026-04-27,비닐닷컴,에어캡봉투/비접착/250*300/200매,25.0,30.0,129.7,200.0,0.0,🟢 수집,포함,판매중,https://xn--ij1bycz62bkyq.com/product/detail.html?product_no=395&cate_no=105&display_group=1,천미리,21:36:35
2026-04-27,포장몰,에어캡봉투 180x280 300매-BG18,18.0,28.0,101.66666666666669,300.0,0.0,🟢 수집,미포함,품절,https://pojangmall.co.kr/product/에어캡봉투-180x280-300매-bg18/949/category/75/display/1/,오백미리,21:36:35
2026-04-27,포장몰,에어캡봉투 240x340 200매-BG24,24.0,34.0,151.5,200.0,0.0,🟢 수집,미포함,판매중,https://pojangmall.co.kr/product/에어캡봉투-240x340-200매-bg24/950/category/75/display/1/,천미리,21:36:35
2026-04-27,달인 패키지,에어캡봉투 25*25,25.0,25.0,82.0,5000.0,65000.0,🟢 수집,미포함,판매중,https://dalinweb.cafe24.com/shop/item.php?it_id=1703025293&opidx=10,범용,21:36:35
2026-04-28,달인 패키지,에어캡봉투 20*30,20.0,30.0,56.0,5000.0,65000.0,🟢 수집,미포함,판매중,https://dalinweb.cafe24.com/shop/item.php?it_id=1703025293&opidx=8,오백미리,21:45:56
2026-04-28,달인 패키지,에어캡봉투 25*35,25.0,35.0,101.0,4500.0,65000.0,🟢 수집,미포함,판매중,https://dalinweb.cafe24.com/shop/item.php?it_id=1703025293&opidx=11,천미리,21:45:56
2026-04-28,박스몰,에어캡봉투 20x30,20.0,30.0,101.0,440.0,5300.0,🟢 수집,미포함,품절,https://www.boxmall.net/product/product_view.php?query=view&code=000038&no=427,오백미리,21:45:56
2026-04-28,박스몰,에어캡봉투 25x32,25.0,32.0,132.0,350.0,5300.0,🟢 수집,미포함,판매중,https://www.boxmall.net/product/product_view.php?query=view&code=000038&no=430,천미리,21:45:56
2026-04-28,박스몰,에어캡봉투 25x35,25.0,35.0,139.0,320.0,5300.0,🟢 수집,미포함,품절,https://www.boxmall.net/product/product_view.php?query=view&code=000038&no=2693,천미리,21:45:56
2026-04-28,비닐닷컴,에어캡봉투/비접착/200*300/200매,20.0,30.0,103.2,200.0,0.0,🟢 수집,포함,판매중,https://xn--ij1bycz62bkyq.com/product/detail.html?product_no=393&cate_no=105&display_group=1,오백미리,21:45:56
2026-04-28,비닐닷컴,에어캡봉투/비접착/250*300/200매,25.0,30.0,129.7,200.0,0.0,🟢 수집,포함,판매중,https://xn--ij1bycz62bkyq.com/product/detail.html?product_no=395&cate_no=105&display_group=1,천미리,21:45:56
2026-04-28,포장몰,에어캡봉투 180x280 300매-BG18,18.0,28.0,101.66666666666669,300.0,0.0,🟢 수집,미포함,품절,https://pojangmall.co.kr/product/에어캡봉투-180x280-300매-bg18/949/category/75/display/1/,오백미리,21:45:56
2026-04-28,포장몰,에어캡봉투 240x340 200매-BG24,24.0,34.0,151.5,200.0,0.0,🟢 수집,미포함,품절,https://pojangmall.co.kr/product/에어캡봉투-240x340-200매-bg24/950/category/75/display/1/,천미리,21:45:56
2026-04-28,달인 패키지,에어캡봉투 25*25,25.0,25.0,82.0,5000.0,65000.0,🟢 수집,미포함,판매중,https://dalinweb.cafe24.com/shop/item.php?it_id=1703025293&opidx=10,범용,21:45:56
2026-04-29,달인 패키지,에어캡봉투 20*30,20.0,30.0,56.0,5000.0,65000.0,🟢 수집,미포함,판매중,https://dalinweb.cafe24.com/shop/item.php?it_id=1703025293&opidx=8,오백미리,21:43:00
2026-04-29,달인 패키지,에어캡봉투 25*35,25.0,35.0,101.0,4500.0,65000.0,🟢 수집,미포함,판매중,https://dalinweb.cafe24.com/shop/item.php?it_id=1703025293&opidx=11,천미리,21:43:00
2026-04-29,박스몰,에어캡봉투 20x30,20.0,30.0,101.0,440.0,5300.0,🟢 수집,미포함,품절,https://www.boxmall.net/product/product_view.php?query=view&code=000038&no=427,오백미리,21:43:00
2026-04-29,박스몰,에어캡봉투 25x32,25.0,32.0,132.0,350.0,5300.0,🟢 수집,미포함,판매중,https://www.boxmall.net/product/product_view.php?query=view&code=000038&no=430,천미리,21:43:00
2026-04-29,박스몰,에어캡봉투 25x35,25.0,35.0,139.0,320.0,5300.0,🟢 수집,미포함,품절,https://www.boxmall.net/product/product_view.php?query=view&code=000038&no=2693,천미리,21:43:00
2026-04-29,비닐닷컴,에어캡봉투/비접착/200*300/200매,20.0,30.0,103.2,200.0,0.0,🟢 수집,포함,판매중,https://xn--ij1bycz62bkyq.com/product/detail.html?product_no=393&cate_no=105&display_group=1,오백미리,21:43:00
2026-04-29,비닐닷컴,에어캡봉투/비접착/250*300/200매,25.0,30.0,129.7,200.0,0.0,🟢 수집,포함,판매중,https://xn--ij1bycz62bkyq.com/product/detail.html?product_no=395&cate_no=105&display_group=1,천미리,21:43:00
2026-04-29,포장몰,에어캡봉투 180x280 300매-BG18,18.0,28.0,101.66666666666669,300.0,0.0,🟢 수집,미포함,품절,https://pojangmall.co.kr/product/에어캡봉투-180x280-300매-bg18/949/category/75/display/1/,오백미리,21:43:00
2026-04-29,포장몰,에어캡봉투 240x340 200매-BG24,24.0,34.0,151.5,200.0,0.0,🟢 수집,미포함,품절,https://pojangmall.co.kr/product/에어캡봉투-240x340-200매-bg24/950/category/75/display/1/,천미리,21:43:00
2026-04-29,달인 패키지,에어캡봉투 25*25,25.0,25.0,82.0,5000.0,65000.0,🟢 수집,미포함,판매중,https://dalinweb.cafe24.com/shop/item.php?it_id=1703025293&opidx=10,범용,21:43:00
2026-04-30,달인 패키지,에어캡봉투 20*30,20.0,30.0,56.0,5000.0,65000.0,🟢 수집,미포함,판매중,https://dalinweb.cafe24.com/shop/item.php?it_id=1703025293&opidx=8,오백미리,23:38:33
2026-04-30,달인 패키지,에어캡봉투 25*35,25.0,35.0,101.0,4500.0,65000.0,🟢 수집,미포함,판매중,https://dalinweb.cafe24.com/shop/item.php?it_id=1703025293&opidx=11,천미리,23:38:33
2026-04-30,박스몰,에어캡봉투 20x30,20.0,30.0,101.0,440.0,5300.0,🟢 수집,미포함,품절,https://www.boxmall.net/product/product_view.php?query=view&code=000038&no=427,오백미리,23:38:33
2026-04-30,박스몰,에어캡봉투 25x32,25.0,32.0,132.0,350.0,5300.0,🟢 수집,미포함,품절,https://www.boxmall.net/product/product_view.php?query=view&code=000038&no=430,천미리,23:38:33
2026-04-30,박스몰,에어캡봉투 25x35,25.0,35.0,139.0,320.0,5300.0,🟢 수집,미포함,품절,https://www.boxmall.net/product/product_view.php?query=view&code=000038&no=2693,천미리,23:38:33
2026-04-30,비닐닷컴,에어캡봉투/비접착/200*300/200매,20.0,30.0,103.2,200.0,0.0,🟢 수집,포함,판매중,https://xn--ij1bycz62bkyq.com/product/detail.html?product_no=393&cate_no=105&display_group=1,오백미리,23:38:33
2026-04-30,비닐닷컴,에어캡봉투/비접착/250*300/200매,25.0,30.0,129.7,200.0,0.0,🟢 수집,포함,판매중,https://xn--ij1bycz62bkyq.com/product/detail.html?product_no=395&cate_no=105&display_group=1,천미리,23:38:33
2026-04-30,포장몰,에어캡봉투 180x280 300매-BG18,18.0,28.0,138.33333333333334,300.0,0.0,🟢 수집,미포함,품절,https://pojangmall.co.kr/product/에어캡봉투-180x280-300매-bg18/949/category/75/display/1/,오백미리,23:38:33
2026-04-30,포장몰,에어캡봉투 240x340 200매-BG24,24.0,34.0,209.0,200.0,0.0,🟢 수집,미포함,판매중,https://pojangmall.co.kr/product/에어캡봉투-240x340-200매-bg24/950/category/75/display/1/,천미리,23:38:33
2026-04-30,달인 패키지,에어캡봉투 25*25,25.0,25.0,82.0,5000.0,65000.0,🟢 수집,미포함,판매중,https://dalinweb.cafe24.com/shop/item.php?it_id=1703025293&opidx=10,범용,23:38:33
2026-05-01,달인 패키지,에어캡봉투 20*30,20.0,30.0,56.0,5000.0,65000.0,🟢 수집,미포함,판매중,https://dalinweb.cafe24.com/shop/item.php?it_id=1703025293&opidx=8,오백미리,22:36:20
2026-05-01,달인 패키지,에어캡봉투 25*35,25.0,35.0,101.0,4500.0,65000.0,🟢 수집,미포함,판매중,https://dalinweb.cafe24.com/shop/item.php?it_id=1703025293&opidx=11,천미리,22:36:20
2026-05-01,박스몰,에어캡봉투 20x30,20.0,30.0,101.0,440.0,5300.0,🟢 수집,미포함,품절,https://www.boxmall.net/product/product_view.php?query=view&code=000038&no=427,오백미리,22:36:20
2026-05-01,박스몰,에어캡봉투 25x32,25.0,32.0,132.0,350.0,5300.0,🟢 수집,미포함,품절,https://www.boxmall.net/product/product_view.php?query=view&code=000038&no=430,천미리,22:36:20
2026-05-01,박스몰,에어캡봉투 25x35,25.0,35.0,139.0,320.0,5300.0,🟢 수집,미포함,품절,https://www.boxmall.net/product/product_view.php?query=view&code=000038&no=2693,천미리,22:36:20
2026-05-01,비닐닷컴,에어캡봉투/비접착/200*300/200매,20.0,30.0,103.2,200.0,0.0,🟢 수집,포함,판매중,https://xn--ij1bycz62bkyq.com/product/detail.html?product_no=393&cate_no=105&display_group=1,오백미리,22:36:20
2026-05-01,비닐닷컴,에어캡봉투/비접착/250*300/200매,25.0,30.0,129.7,200.0,0.0,🟢 수집,포함,판매중,https://xn--ij1bycz62bkyq.com/product/detail.html?product_no=395&cate_no=105&display_group=1,천미리,22:36:20
2026-05-01,포장몰,에어캡봉투 180x280 300매-BG18,18.0,28.0,138.33333333333334,300.0,0.0,🟢 수집,미포함,품절,https://pojangmall.co.kr/product/에어캡봉투-180x280-300매-bg18/949/category/75/display/1/,오백미리,22:36:20
2026-05-01,포장몰,에어캡봉투 240x340 200매-BG24,24.0,34.0,209.0,200.0,0.0,🟢 수집,미포함,판매중,https://pojangmall.co.kr/product/에어캡봉투-240x340-200매-bg24/950/category/75/display/1/,천미리,22:36:20
2026-05-01,달인 패키지,에어캡봉투 25*25,25.0,25.0,82.0,5000.0,65000.0,🟢 수집,미포함,판매중,https://dalinweb.cafe24.com/shop/item.php?it_id=1703025293&opidx=10,범용,22:36:20
2026-05-02,달인 패키지,에어캡봉투 20*30,20.0,30.0,56.0,5000.0,65000.0,🟢 수집,미포함,판매중,https://dalinweb.cafe24.com/shop/item.php?it_id=1703025293&opidx=8,오백미리,22:24:34
2026-05-02,달인 패키지,에어캡봉투 25*35,25.0,35.0,101.0,4500.0,65000.0,🟢 수집,미포함,판매중,https://dalinweb.cafe24.com/shop/item.php?it_id=1703025293&opidx=11,천미리,22:24:34
2026-05-02,박스몰,에어캡봉투 20x30,20.0,30.0,101.0,440.0,5300.0,🟢 수집,미포함,품절,https://www.boxmall.net/product/product_view.php?query=view&code=000038&no=427,오백미리,22:24:34
2026-05-02,박스몰,에어캡봉투 25x32,25.0,32.0,132.0,350.0,5300.0,🟢 수집,미포함,품절,https://www.boxmall.net/product/product_view.php?query=view&code=000038&no=430,천미리,22:24:34
2026-05-02,박스몰,에어캡봉투 25x35,25.0,35.0,139.0,320.0,5300.0,🟢 수집,미포함,품절,https://www.boxmall.net/product/product_view.php?query=view&code=000038&no=2693,천미리,22:24:34
2026-05-02,비닐닷컴,에어캡봉투/비접착/200*300/200매,20.0,30.0,103.2,200.0,0.0,🟢 수집,포함,판매중,https://xn--ij1bycz62bkyq.com/product/detail.html?product_no=393&cate_no=105&display_group=1,오백미리,22:24:34
2026-05-02,비닐닷컴,에어캡봉투/비접착/250*300/200매,25.0,30.0,129.7,200.0,0.0,🟢 수집,포함,판매중,https://xn--ij1bycz62bkyq.com/product/detail.html?product_no=395&cate_no=105&display_group=1,천미리,22:24:34
2026-05-02,포장몰,에어캡봉투 180x280 300매-BG18,18.0,28.0,138.33333333333334,300.0,0.0,🟢 수집,미포함,품절,https://pojangmall.co.kr/product/에어캡봉투-180x280-300매-bg18/949/category/75/display/1/,오백미리,22:24:34
2026-05-02,포장몰,에어캡봉투 240x340 200매-BG24,24.0,34.0,209.0,200.0,0.0,🟢 수집,미포함,판매중,https://pojangmall.co.kr/product/에어캡봉투-240x340-200매-bg24/950/category/75/display/1/,천미리,22:24:34
2026-05-02,달인 패키지,에어캡봉투 25*25,25.0,25.0,82.0,5000.0,65000.0,🟢 수집,미포함,판매중,https://dalinweb.cafe24.com/shop/item.php?it_id=1703025293&opidx=10,범용,22:24:34
2026-05-03,달인 패키지,에어캡봉투 20*30,20.0,30.0,56.0,5000.0,65000.0,🟢 수집,미포함,판매중,https://dalinweb.cafe24.com/shop/item.php?it_id=1703025293&opidx=8,오백미리,22:25:47
2026-05-03,달인 패키지,에어캡봉투 25*35,25.0,35.0,101.0,4500.0,65000.0,🟢 수집,미포함,판매중,https://dalinweb.cafe24.com/shop/item.php?it_id=1703025293&opidx=11,천미리,22:25:47
2026-05-03,박스몰,에어캡봉투 20x30,20.0,30.0,101.0,440.0,5300.0,🟢 수집,미포함,품절,https://www.boxmall.net/product/product_view.php?query=view&code=000038&no=427,오백미리,22:25:47
2026-05-03,박스몰,에어캡봉투 25x32,25.0,32.0,132.0,350.0,5300.0,🟢 수집,미포함,품절,https://www.boxmall.net/product/product_view.php?query=view&code=000038&no=430,천미리,22:25:47
2026-05-03,박스몰,에어캡봉투 25x35,25.0,35.0,139.0,320.0,5300.0,🟢 수집,미포함,품절,https://www.boxmall.net/product/product_view.php?query=view&code=000038&no=2693,천미리,22:25:47
2026-05-03,비닐닷컴,에어캡봉투/비접착/200*300/200매,20.0,30.0,103.2,200.0,0.0,🟢 수집,포함,판매중,https://xn--ij1bycz62bkyq.com/product/detail.html?product_no=393&cate_no=105&display_group=1,오백미리,22:25:47
2026-05-03,비닐닷컴,에어캡봉투/비접착/250*300/200매,25.0,30.0,129.7,200.0,0.0,🟢 수집,포함,판매중,https://xn--ij1bycz62bkyq.com/product/detail.html?product_no=395&cate_no=105&display_group=1,천미리,22:25:47
2026-05-03,포장몰,에어캡봉투 180x280 300매-BG18,18.0,28.0,138.33333333333334,300.0,0.0,🟢 수집,미포함,품절,https://pojangmall.co.kr/product/에어캡봉투-180x280-300매-bg18/949/category/75/display/1/,오백미리,22:25:47
2026-05-03,포장몰,에어캡봉투 240x340 200매-BG24,24.0,34.0,209.0,200.0,0.0,🟢 수집,미포함,판매중,https://pojangmall.co.kr/product/에어캡봉투-240x340-200매-bg24/950/category/75/display/1/,천미리,22:25:47
2026-05-03,달인 패키지,에어캡봉투 25*25,25.0,25.0,82.0,5000.0,65000.0,🟢 수집,미포함,판매중,https://dalinweb.cafe24.com/shop/item.php?it_id=1703025293&opidx=10,범용,22:25:47
2026-05-04,달인 패키지,에어캡봉투 20*30,20.0,30.0,56.0,5000.0,65000.0,🟢 수집,미포함,판매중,https://dalinweb.cafe24.com/shop/item.php?it_id=1703025293&opidx=8,오백미리,23:40:03
2026-05-04,달인 패키지,에어캡봉투 25*35,25.0,35.0,101.0,4500.0,65000.0,🟢 수집,미포함,판매중,https://dalinweb.cafe24.com/shop/item.php?it_id=1703025293&opidx=11,천미리,23:40:03
2026-05-04,박스몰,에어캡봉투 20x30,20.0,30.0,101.0,440.0,5300.0,🟢 수집,미포함,품절,https://www.boxmall.net/product/product_view.php?query=view&code=000038&no=427,오백미리,23:40:03
2026-05-04,박스몰,에어캡봉투 25x32,25.0,32.0,132.0,350.0,5300.0,🟢 수집,미포함,품절,https://www.boxmall.net/product/product_view.php?query=view&code=000038&no=430,천미리,23:40:03
2026-05-04,박스몰,에어캡봉투 25x35,25.0,35.0,139.0,320.0,5300.0,🟢 수집,미포함,품절,https://www.boxmall.net/product/product_view.php?query=view&code=000038&no=2693,천미리,23:40:03
2026-05-04,비닐닷컴,에어캡봉투/비접착/200*300/200매,20.0,30.0,103.2,200.0,0.0,🟢 수집,포함,판매중,https://xn--ij1bycz62bkyq.com/product/detail.html?product_no=393&cate_no=105&display_group=1,오백미리,23:40:03
2026-05-04,비닐닷컴,에어캡봉투/비접착/250*300/200매,25.0,30.0,129.7,200.0,0.0,🟢 수집,포함,판매중,https://xn--ij1bycz62bkyq.com/product/detail.html?product_no=395&cate_no=105&display_group=1,천미리,23:40:03
2026-05-04,포장몰,에어캡봉투 180x280 300매-BG18,18.0,28.0,138.33333333333334,300.0,0.0,🟢 수집,미포함,품절,https://pojangmall.co.kr/product/에어캡봉투-180x280-300매-bg18/949/category/75/display/1/,오백미리,23:40:03
2026-05-04,포장몰,에어캡봉투 240x340 200매-BG24,24.0,34.0,209.0,200.0,0.0,🟢 수집,미포함,판매중,https://pojangmall.co.kr/product/에어캡봉투-240x340-200매-bg24/950/category/75/display/1/,천미리,23:40:03
2026-05-04,달인 패키지,에어캡봉투 25*25,25.0,25.0,82.0,5000.0,65000.0,🟢 수집,미포함,판매중,https://dalinweb.cafe24.com/shop/item.php?it_id=1703025293&opidx=10,범용,23:40:03
2026-05-05,달인 패키지,에어캡봉투 20*30,20.0,30.0,56.0,5000.0,65000.0,🟢 수집,미포함,판매중,https://dalinweb.cafe24.com/shop/item.php?it_id=1703025293&opidx=8,오백미리,23:35:37
2026-05-05,달인 패키지,에어캡봉투 25*35,25.0,35.0,101.0,4500.0,65000.0,🟢 수집,미포함,판매중,https://dalinweb.cafe24.com/shop/item.php?it_id=1703025293&opidx=11,천미리,23:35:37
2026-05-05,박스몰,에어캡봉투 20x30,20.0,30.0,101.0,440.0,5300.0,🟢 수집,미포함,품절,https://www.boxmall.net/product/product_view.php?query=view&code=000038&no=427,오백미리,23:35:37
2026-05-05,박스몰,에어캡봉투 25x32,25.0,32.0,132.0,350.0,5300.0,🟢 수집,미포함,품절,https://www.boxmall.net/product/product_view.php?query=view&code=000038&no=430,천미리,23:35:37
2026-05-05,박스몰,에어캡봉투 25x35,25.0,35.0,139.0,320.0,5300.0,🟢 수집,미포함,품절,https://www.boxmall.net/product/product_view.php?query=view&code=000038&no=2693,천미리,23:35:37
2026-05-05,비닐닷컴,에어캡봉투/비접착/200*300/200매,20.0,30.0,103.2,200.0,0.0,🟢 수집,포함,판매중,https://xn--ij1bycz62bkyq.com/product/detail.html?product_no=393&cate_no=105&display_group=1,오백미리,23:35:37
2026-05-05,비닐닷컴,에어캡봉투/비접착/250*300/200매,25.0,30.0,129.7,200.0,0.0,🟢 수집,포함,판매중,https://xn--ij1bycz62bkyq.com/product/detail.html?product_no=395&cate_no=105&display_group=1,천미리,23:35:37
2026-05-05,포장몰,에어캡봉투 180x280 300매-BG18,18.0,28.0,138.33333333333334,300.0,0.0,🟢 수집,미포함,품절,https://pojangmall.co.kr/product/에어캡봉투-180x280-300매-bg18/949/category/75/display/1/,오백미리,23:35:37
2026-05-05,포장몰,에어캡봉투 240x340 200매-BG24,24.0,34.0,209.0,200.0,0.0,🟢 수집,미포함,판매중,https://pojangmall.co.kr/product/에어캡봉투-240x340-200매-bg24/950/category/75/display/1/,천미리,23:35:37
2026-05-05,달인 패키지,에어캡봉투 25*25,25.0,25.0,82.0,5000.0,65000.0,🟢 수집,미포함,판매중,https://dalinweb.cafe24.com/shop/item.php?it_id=1703025293&opidx=10,범용,23:35:37
2026-05-06,달인 패키지,에어캡봉투 20*30,20.0,30.0,56.0,5000.0,65000.0,🟢 수집,미포함,판매중,https://dalinweb.cafe24.com/shop/item.php?it_id=1703025293&opidx=8,오백미리,23:36:56
2026-05-06,달인 패키지,에어캡봉투 25*35,25.0,35.0,101.0,4500.0,65000.0,🟢 수집,미포함,판매중,https://dalinweb.cafe24.com/shop/item.php?it_id=1703025293&opidx=11,천미리,23:36:56
2026-05-06,박스몰,에어캡봉투 20x30,20.0,30.0,101.0,440.0,5300.0,🟢 수집,미포함,품절,https://www.boxmall.net/product/product_view.php?query=view&code=000038&no=427,오백미리,23:36:56
2026-05-06,박스몰,에어캡봉투 25x32,25.0,32.0,132.0,350.0,5300.0,🟢 수집,미포함,품절,https://www.boxmall.net/product/product_view.php?query=view&code=000038&no=430,천미리,23:36:56
2026-05-06,박스몰,에어캡봉투 25x35,25.0,35.0,139.0,320.0,5300.0,🟢 수집,미포함,품절,https://www.boxmall.net/product/product_view.php?query=view&code=000038&no=2693,천미리,23:36:56
2026-05-06,비닐닷컴,에어캡봉투/비접착/200*300/200매,20.0,30.0,103.2,200.0,0.0,🟢 수집,포함,판매중,https://xn--ij1bycz62bkyq.com/product/detail.html?product_no=393&cate_no=105&display_group=1,오백미리,23:36:56
2026-05-06,비닐닷컴,에어캡봉투/비접착/250*300/200매,25.0,30.0,129.7,200.0,0.0,🟢 수집,포함,판매중,https://xn--ij1bycz62bkyq.com/product/detail.html?product_no=395&cate_no=105&display_group=1,천미리,23:36:56
2026-05-06,포장몰,에어캡봉투 180x280 300매-BG18,18.0,28.0,138.33333333333334,300.0,0.0,🟢 수집,미포함,품절,https://pojangmall.co.kr/product/에어캡봉투-180x280-300매-bg18/949/category/75/display/1/,오백미리,23:36:56
2026-05-06,포장몰,에어캡봉투 240x340 200매-BG24,24.0,34.0,209.0,200.0,0.0,🟢 수집,미포함,판매중,https://pojangmall.co.kr/product/에어캡봉투-240x340-200매-bg24/950/category/75/display/1/,천미리,23:36:56
2026-05-06,달인 패키지,에어캡봉투 25*25,25.0,25.0,82.0,5000.0,65000.0,🟢 수집,미포함,판매중,https://dalinweb.cafe24.com/shop/item.php?it_id=1703025293&opidx=10,범용,23:36:56
2026-05-07,달인 패키지,에어캡봉투 20*30,20.0,30.0,56.0,5000.0,65000.0,🟢 수집,미포함,판매중,https://dalinweb.cafe24.com/shop/item.php?it_id=1703025293&opidx=8,오백미리,23:40:26
2026-05-07,달인 패키지,에어캡봉투 25*35,25.0,35.0,101.0,4500.0,65000.0,🟢 수집,미포함,판매중,https://dalinweb.cafe24.com/shop/item.php?it_id=1703025293&opidx=11,천미리,23:40:26
2026-05-07,박스몰,에어캡봉투 20x30,20.0,30.0,101.0,440.0,5300.0,🟢 수집,미포함,품절,https://www.boxmall.net/product/product_view.php?query=view&code=000038&no=427,오백미리,23:40:26
2026-05-07,박스몰,에어캡봉투 25x32,25.0,32.0,132.0,350.0,5300.0,🟢 수집,미포함,품절,https://www.boxmall.net/product/product_view.php?query=view&code=000038&no=430,천미리,23:40:26
2026-05-07,박스몰,에어캡봉투 25x35,25.0,35.0,139.0,320.0,5300.0,🟢 수집,미포함,품절,https://www.boxmall.net/product/product_view.php?query=view&code=000038&no=2693,천미리,23:40:26
2026-05-07,비닐닷컴,에어캡봉투/비접착/200*300/200매,20.0,30.0,103.2,200.0,0.0,🟢 수집,포함,판매중,https://xn--ij1bycz62bkyq.com/product/detail.html?product_no=393&cate_no=105&display_group=1,오백미리,23:40:26
2026-05-07,비닐닷컴,에어캡봉투/비접착/250*300/200매,25.0,30.0,129.7,200.0,0.0,🟢 수집,포함,판매중,https://xn--ij1bycz62bkyq.com/product/detail.html?product_no=395&cate_no=105&display_group=1,천미리,23:40:26
2026-05-07,포장몰,에어캡봉투 180x280 300매-BG18,18.0,28.0,138.33333333333334,300.0,0.0,🟢 수집,미포함,품절,https://pojangmall.co.kr/product/에어캡봉투-180x280-300매-bg18/949/category/75/display/1/,오백미리,23:40:26
2026-05-07,포장몰,에어캡봉투 240x340 200매-BG24,24.0,34.0,209.0,200.0,0.0,🟢 수집,미포함,판매중,https://pojangmall.co.kr/product/에어캡봉투-240x340-200매-bg24/950/category/75/display/1/,천미리,23:40:26
2026-05-07,달인 패키지,에어캡봉투 25*25,25.0,25.0,82.0,5000.0,65000.0,🟢 수집,미포함,판매중,https://dalinweb.cafe24.com/shop/item.php?it_id=1703025293&opidx=10,범용,23:40:26
2026-05-08,달인 패키지,에어캡봉투 20*30,20.0,30.0,56.0,5000.0,65000.0,🟢 수집,미포함,판매중,https://dalinweb.cafe24.com/shop/item.php?it_id=1703025293&opidx=8,오백미리,23:40:39
2026-05-08,달인 패키지,에어캡봉투 25*35,25.0,35.0,101.0,4500.0,65000.0,🟢 수집,미포함,판매중,https://dalinweb.cafe24.com/shop/item.php?it_id=1703025293&opidx=11,천미리,23:40:39
2026-05-08,박스몰,에어캡봉투 20x30,20.0,30.0,101.0,440.0,5300.0,🟢 수집,미포함,품절,https://www.boxmall.net/product/product_view.php?query=view&code=000038&no=427,오백미리,23:40:39
2026-05-08,박스몰,에어캡봉투 25x32,25.0,32.0,132.0,350.0,5300.0,🟢 수집,미포함,품절,https://www.boxmall.net/product/product_view.php?query=view&code=000038&no=430,천미리,23:40:39
2026-05-08,박스몰,에어캡봉투 25x35,25.0,35.0,139.0,320.0,5300.0,🟢 수집,미포함,품절,https://www.boxmall.net/product/product_view.php?query=view&code=000038&no=2693,천미리,23:40:39
2026-05-08,비닐닷컴,에어캡봉투/비접착/200*300/200매,20.0,30.0,103.2,200.0,0.0,🟢 수집,포함,판매중,https://xn--ij1bycz62bkyq.com/product/detail.html?product_no=393&cate_no=105&display_group=1,오백미리,23:40:39
2026-05-08,비닐닷컴,에어캡봉투/비접착/250*300/200매,25.0,30.0,129.7,200.0,0.0,🟢 수집,포함,판매중,https://xn--ij1bycz62bkyq.com/product/detail.html?product_no=395&cate_no=105&display_group=1,천미리,23:40:39
2026-05-08,포장몰,에어캡봉투 180x280 300매-BG18,18.0,28.0,138.33333333333334,300.0,0.0,🟢 수집,미포함,품절,https://pojangmall.co.kr/product/에어캡봉투-180x280-300매-bg18/949/category/75/display/1/,오백미리,23:40:39
2026-05-08,포장몰,에어캡봉투 240x340 200매-BG24,24.0,34.0,209.0,200.0,0.0,🟢 수집,미포함,판매중,https://pojangmall.co.kr/product/에어캡봉투-240x340-200매-bg24/950/category/75/display/1/,천미리,23:40:39
2026-05-08,달인 패키지,에어캡봉투 25*25,25.0,25.0,82.0,5000.0,65000.0,🟢 수집,미포함,판매중,https://dalinweb.cafe24.com/shop/item.php?it_id=1703025293&opidx=10,범용,23:40:39
2026-05-09,달인 패키지,에어캡봉투 20*30,20.0,30.0,56.0,5000.0,65000.0,🟢 수집,미포함,판매중,https://dalinweb.cafe24.com/shop/item.php?it_id=1703025293&opidx=8,오백미리,22:29:06
2026-05-09,달인 패키지,에어캡봉투 25*35,25.0,35.0,101.0,4500.0,65000.0,🟢 수집,미포함,판매중,https://dalinweb.cafe24.com/shop/item.php?it_id=1703025293&opidx=11,천미리,22:29:06
2026-05-09,박스몰,에어캡봉투 20x30,20.0,30.0,101.0,440.0,5300.0,🟢 수집,미포함,품절,https://www.boxmall.net/product/product_view.php?query=view&code=000038&no=427,오백미리,22:29:06
2026-05-09,박스몰,에어캡봉투 25x32,25.0,32.0,132.0,350.0,5300.0,🟢 수집,미포함,품절,https://www.boxmall.net/product/product_view.php?query=view&code=000038&no=430,천미리,22:29:06
2026-05-09,박스몰,에어캡봉투 25x35,25.0,35.0,139.0,320.0,5300.0,🟢 수집,미포함,품절,https://www.boxmall.net/product/product_view.php?query=view&code=000038&no=2693,천미리,22:29:06
2026-05-09,비닐닷컴,에어캡봉투/비접착/200*300/200매,20.0,30.0,103.2,200.0,0.0,🟢 수집,포함,판매중,https://xn--ij1bycz62bkyq.com/product/detail.html?product_no=393&cate_no=105&display_group=1,오백미리,22:29:06
2026-05-09,비닐닷컴,에어캡봉투/비접착/250*300/200매,25.0,30.0,129.7,200.0,0.0,🟢 수집,포함,판매중,https://xn--ij1bycz62bkyq.com/product/detail.html?product_no=395&cate_no=105&display_group=1,천미리,22:29:06
2026-05-09,포장몰,에어캡봉투 180x280 300매-BG18,18.0,28.0,138.33333333333334,300.0,0.0,🟢 수집,미포함,품절,https://pojangmall.co.kr/product/에어캡봉투-180x280-300매-bg18/949/category/75/display/1/,오백미리,22:29:06
2026-05-09,포장몰,에어캡봉투 240x340 200매-BG24,24.0,34.0,209.0,200.0,0.0,🟢 수집,미포함,판매중,https://pojangmall.co.kr/product/에어캡봉투-240x340-200매-bg24/950/category/75/display/1/,천미리,22:29:06
2026-05-09,달인 패키지,에어캡봉투 25*25,25.0,25.0,82.0,5000.0,65000.0,🟢 수집,미포함,판매중,https://dalinweb.cafe24.com/shop/item.php?it_id=1703025293&opidx=10,범용,22:29:06
2026-05-10,달인 패키지,에어캡봉투 20*30,20.0,30.0,56.0,5000.0,65000.0,🟢 수집,미포함,판매중,https://dalinweb.cafe24.com/shop/item.php?it_id=1703025293&opidx=8,오백미리,23:13:04
2026-05-10,달인 패키지,에어캡봉투 25*35,25.0,35.0,101.0,4500.0,65000.0,🟢 수집,미포함,판매중,https://dalinweb.cafe24.com/shop/item.php?it_id=1703025293&opidx=11,천미리,23:13:04
2026-05-10,박스몰,에어캡봉투 20x30,20.0,30.0,101.0,440.0,5300.0,🟢 수집,미포함,품절,https://www.boxmall.net/product/product_view.php?query=view&code=000038&no=427,오백미리,23:13:04
2026-05-10,박스몰,에어캡봉투 25x32,25.0,32.0,132.0,350.0,5300.0,🟢 수집,미포함,품절,https://www.boxmall.net/product/product_view.php?query=view&code=000038&no=430,천미리,23:13:04
2026-05-10,박스몰,에어캡봉투 25x35,25.0,35.0,139.0,320.0,5300.0,🟢 수집,미포함,품절,https://www.boxmall.net/product/product_view.php?query=view&code=000038&no=2693,천미리,23:13:04
2026-05-10,비닐닷컴,에어캡봉투/비접착/200*300/200매,20.0,30.0,103.2,200.0,0.0,🟢 수집,포함,판매중,https://xn--ij1bycz62bkyq.com/product/detail.html?product_no=393&cate_no=105&display_group=1,오백미리,23:13:04
2026-05-10,비닐닷컴,에어캡봉투/비접착/250*300/200매,25.0,30.0,129.7,200.0,0.0,🟢 수집,포함,판매중,https://xn--ij1bycz62bkyq.com/product/detail.html?product_no=395&cate_no=105&display_group=1,천미리,23:13:04
2026-05-10,포장몰,에어캡봉투 180x280 300매-BG18,18.0,28.0,138.33333333333334,300.0,0.0,🟢 수집,미포함,품절,https://pojangmall.co.kr/product/에어캡봉투-180x280-300매-bg18/949/category/75/display/1/,오백미리,23:13:04
2026-05-10,포장몰,에어캡봉투 240x340 200매-BG24,24.0,34.0,209.0,200.0,0.0,🟢 수집,미포함,판매중,https://pojangmall.co.kr/product/에어캡봉투-240x340-200매-bg24/950/category/75/display/1/,천미리,23:13:04
2026-05-10,달인 패키지,에어캡봉투 25*25,25.0,25.0,82.0,5000.0,65000.0,🟢 수집,미포함,판매중,https://dalinweb.cafe24.com/shop/item.php?it_id=1703025293&opidx=10,범용,23:13:04
2026-05-11,달인 패키지,에어캡봉투 20*30,20.0,30.0,56.0,5000.0,65000.0,🟢 수집,미포함,판매중,https://dalinweb.cafe24.com/shop/item.php?it_id=1703025293&opidx=8,오백미리,22:18:38
2026-05-11,달인 패키지,에어캡봉투 25*35,25.0,35.0,101.0,4500.0,65000.0,🟢 수집,미포함,판매중,https://dalinweb.cafe24.com/shop/item.php?it_id=1703025293&opidx=11,천미리,22:18:38
2026-05-11,박스몰,에어캡봉투 20x30,20.0,30.0,101.0,440.0,5300.0,🟢 수집,미포함,판매중,https://www.boxmall.net/product/product_view.php?query=view&code=000038&no=427,오백미리,22:18:38
2026-05-11,박스몰,에어캡봉투 25x32,25.0,32.0,132.0,350.0,5300.0,🟢 수집,미포함,품절,https://www.boxmall.net/product/product_view.php?query=view&code=000038&no=430,천미리,22:18:38
2026-05-11,박스몰,에어캡봉투 25x35,25.0,35.0,139.0,320.0,5300.0,🟢 수집,미포함,품절,https://www.boxmall.net/product/product_view.php?query=view&code=000038&no=2693,천미리,22:18:38
2026-05-11,비닐닷컴,에어캡봉투/비접착/200*300/200매,20.0,30.0,103.2,200.0,0.0,🟢 수집,포함,판매중,https://xn--ij1bycz62bkyq.com/product/detail.html?product_no=393&cate_no=105&display_group=1,오백미리,22:18:38
2026-05-11,비닐닷컴,에어캡봉투/비접착/250*300/200매,25.0,30.0,129.7,200.0,0.0,🟢 수집,포함,판매중,https://xn--ij1bycz62bkyq.com/product/detail.html?product_no=395&cate_no=105&display_group=1,천미리,22:18:38
2026-05-11,포장몰,에어캡봉투 180x280 300매-BG18,18.0,28.0,138.33333333333334,300.0,0.0,🟢 수집,미포함,품절,https://pojangmall.co.kr/product/에어캡봉투-180x280-300매-bg18/949/category/75/display/1/,오백미리,22:18:38
2026-05-11,포장몰,에어캡봉투 240x340 200매-BG24,24.0,34.0,209.0,200.0,0.0,🟢 수집,미포함,판매중,https://pojangmall.co.kr/product/에어캡봉투-240x340-200매-bg24/950/category/75/display/1/,천미리,22:18:38
2026-05-11,달인 패키지,에어캡봉투 25*25,25.0,25.0,82.0,5000.0,65000.0,🟢 수집,미포함,판매중,https://dalinweb.cafe24.com/shop/item.php?it_id=1703025293&opidx=10,범용,22:18:38
2026-05-12,달인 패키지,에어캡봉투 20*30,20.0,30.0,56.0,5000.0,65000.0,🟢 수집,미포함,판매중,https://dalinweb.cafe24.com/shop/item.php?it_id=1703025293&opidx=8,오백미리,21:51:38
2026-05-12,달인 패키지,에어캡봉투 25*35,25.0,35.0,101.0,4500.0,65000.0,🟢 수집,미포함,판매중,https://dalinweb.cafe24.com/shop/item.php?it_id=1703025293&opidx=11,천미리,21:51:38
2026-05-12,박스몰,에어캡봉투 20x30,20.0,30.0,101.0,440.0,5300.0,🟢 수집,미포함,판매중,https://www.boxmall.net/product/product_view.php?query=view&code=000038&no=427,오백미리,21:51:38
2026-05-12,박스몰,에어캡봉투 25x32,25.0,32.0,132.0,350.0,5300.0,🟢 수집,미포함,품절,https://www.boxmall.net/product/product_view.php?query=view&code=000038&no=430,천미리,21:51:38
2026-05-12,박스몰,에어캡봉투 25x35,25.0,35.0,139.0,320.0,5300.0,🟢 수집,미포함,품절,https://www.boxmall.net/product/product_view.php?query=view&code=000038&no=2693,천미리,21:51:38
2026-05-12,비닐닷컴,에어캡봉투/비접착/200*300/200매,20.0,30.0,103.2,200.0,0.0,🟢 수집,포함,판매중,https://xn--ij1bycz62bkyq.com/product/detail.html?product_no=393&cate_no=105&display_group=1,오백미리,21:51:38
2026-05-12,비닐닷컴,에어캡봉투/비접착/250*300/200매,25.0,30.0,129.7,200.0,0.0,🟢 수집,포함,판매중,https://xn--ij1bycz62bkyq.com/product/detail.html?product_no=395&cate_no=105&display_group=1,천미리,21:51:38
2026-05-12,포장몰,에어캡봉투 180x280 300매-BG18,18.0,28.0,138.33333333333334,300.0,0.0,🟢 수집,미포함,품절,https://pojangmall.co.kr/product/에어캡봉투-180x280-300매-bg18/949/category/75/display/1/,오백미리,21:51:38
2026-05-12,포장몰,에어캡봉투 240x340 200매-BG24,24.0,34.0,209.0,200.0,0.0,🟢 수집,미포함,판매중,https://pojangmall.co.kr/product/에어캡봉투-240x340-200매-bg24/950/category/75/display/1/,천미리,21:51:38
2026-05-12,달인 패키지,에어캡봉투 25*25,25.0,25.0,82.0,5000.0,65000.0,🟢 수집,미포함,판매중,https://dalinweb.cafe24.com/shop/item.php?it_id=1703025293&opidx=10,범용,21:51:38
2026-05-13,달인 패키지,에어캡봉투 20*30,20.0,30.0,56.0,5000.0,65000.0,🟢 수집,미포함,판매중,https://dalinweb.cafe24.com/shop/item.php?it_id=1703025293&opidx=8,오백미리,21:56:25
2026-05-13,달인 패키지,에어캡봉투 25*35,25.0,35.0,101.0,4500.0,65000.0,🟢 수집,미포함,판매중,https://dalinweb.cafe24.com/shop/item.php?it_id=1703025293&opidx=11,천미리,21:56:25
2026-05-13,박스몰,에어캡봉투 20x30,20.0,30.0,101.0,440.0,5300.0,🟢 수집,미포함,판매중,https://www.boxmall.net/product/product_view.php?query=view&code=000038&no=427,오백미리,21:56:25
2026-05-13,박스몰,에어캡봉투 25x32,25.0,32.0,132.0,350.0,5300.0,🟢 수집,미포함,품절,https://www.boxmall.net/product/product_view.php?query=view&code=000038&no=430,천미리,21:56:25
2026-05-13,박스몰,에어캡봉투 25x35,25.0,35.0,139.0,320.0,5300.0,🟢 수집,미포함,품절,https://www.boxmall.net/product/product_view.php?query=view&code=000038&no=2693,천미리,21:56:25
2026-05-13,비닐닷컴,에어캡봉투/비접착/200*300/200매,20.0,30.0,103.2,200.0,0.0,🟢 수집,포함,판매중,https://xn--ij1bycz62bkyq.com/product/detail.html?product_no=393&cate_no=105&display_group=1,오백미리,21:56:25
2026-05-13,비닐닷컴,에어캡봉투/비접착/250*300/200매,25.0,30.0,129.7,200.0,0.0,🟢 수집,포함,판매중,https://xn--ij1bycz62bkyq.com/product/detail.html?product_no=395&cate_no=105&display_group=1,천미리,21:56:25
2026-05-13,포장몰,에어캡봉투 180x280 300매-BG18,18.0,28.0,138.33333333333334,300.0,0.0,🟢 수집,미포함,판매중,https://pojangmall.co.kr/product/에어캡봉투-180x280-300매-bg18/949/category/75/display/1/,오백미리,21:56:25
2026-05-13,포장몰,에어캡봉투 240x340 200매-BG24,24.0,34.0,209.0,200.0,0.0,🟢 수집,미포함,판매중,https://pojangmall.co.kr/product/에어캡봉투-240x340-200매-bg24/950/category/75/display/1/,천미리,21:56:25
2026-05-13,달인 패키지,에어캡봉투 25*25,25.0,25.0,82.0,5000.0,65000.0,🟢 수집,미포함,판매중,https://dalinweb.cafe24.com/shop/item.php?it_id=1703025293&opidx=10,범용,21:56:25
2026-05-14,달인 패키지,에어캡봉투 20*30,20.0,30.0,56.0,5000.0,65000.0,🟢 수집,미포함,판매중,https://dalinweb.cafe24.com/shop/item.php?it_id=1703025293&opidx=8,오백미리,20:59:18
2026-05-14,달인 패키지,에어캡봉투 25*35,25.0,35.0,101.0,4500.0,65000.0,🟢 수집,미포함,판매중,https://dalinweb.cafe24.com/shop/item.php?it_id=1703025293&opidx=11,천미리,20:59:18
2026-05-14,박스몰,에어캡봉투 20x30,20.0,30.0,101.0,440.0,5300.0,🟢 수집,미포함,판매중,https://www.boxmall.net/product/product_view.php?query=view&code=000038&no=427,오백미리,20:59:18
2026-05-14,박스몰,에어캡봉투 25x32,25.0,32.0,132.0,350.0,5300.0,🟢 수집,미포함,품절,https://www.boxmall.net/product/product_view.php?query=view&code=000038&no=430,천미리,20:59:18
2026-05-14,박스몰,에어캡봉투 25x35,25.0,35.0,139.0,320.0,5300.0,🟢 수집,미포함,품절,https://www.boxmall.net/product/product_view.php?query=view&code=000038&no=2693,천미리,20:59:18
2026-05-14,비닐닷컴,에어캡봉투/비접착/200*300/200매,20.0,30.0,103.2,200.0,0.0,🟢 수집,포함,판매중,https://xn--ij1bycz62bkyq.com/product/detail.html?product_no=393&cate_no=105&display_group=1,오백미리,20:59:18
2026-05-14,비닐닷컴,에어캡봉투/비접착/250*300/200매,25.0,30.0,129.7,200.0,0.0,🟢 수집,포함,판매중,https://xn--ij1bycz62bkyq.com/product/detail.html?product_no=395&cate_no=105&display_group=1,천미리,20:59:18
2026-05-14,포장몰,에어캡봉투 180x280 300매-BG18,18.0,28.0,138.33333333333334,300.0,0.0,🟢 수집,미포함,판매중,https://pojangmall.co.kr/product/에어캡봉투-180x280-300매-bg18/949/category/75/display/1/,오백미리,20:59:18
2026-05-14,포장몰,에어캡봉투 240x340 200매-BG24,24.0,34.0,209.0,200.0,0.0,🟢 수집,미포함,판매중,https://pojangmall.co.kr/product/에어캡봉투-240x340-200매-bg24/950/category/75/display/1/,천미리,20:59:18
2026-05-14,달인 패키지,에어캡봉투 25*25,25.0,25.0,82.0,5000.0,65000.0,🟢 수집,미포함,판매중,https://dalinweb.cafe24.com/shop/item.php?it_id=1703025293&opidx=10,범용,20:59:18
2026-05-15,달인 패키지,에어캡봉투 20*30,20.0,30.0,60.0,5000.0,65000.0,🟢 수집,미포함,판매중,https://dalinweb.cafe24.com/shop/item.php?it_id=1703025293&opidx=8,오백미리,20:41:19
2026-05-15,달인 패키지,에어캡봉투 25*35,25.0,35.0,108.0,4500.0,65000.0,🟢 수집,미포함,판매중,https://dalinweb.cafe24.com/shop/item.php?it_id=1703025293&opidx=11,천미리,20:41:19
2026-05-15,박스몰,에어캡봉투 20x30,20.0,30.0,101.0,440.0,5300.0,🟢 수집,미포함,판매중,https://www.boxmall.net/product/product_view.php?query=view&code=000038&no=427,오백미리,20:41:19
2026-05-15,박스몰,에어캡봉투 25x32,25.0,32.0,132.0,350.0,5300.0,🟢 수집,미포함,품절,https://www.boxmall.net/product/product_view.php?query=view&code=000038&no=430,천미리,20:41:19
2026-05-15,박스몰,에어캡봉투 25x35,25.0,35.0,139.0,320.0,5300.0,🟢 수집,미포함,품절,https://www.boxmall.net/product/product_view.php?query=view&code=000038&no=2693,천미리,20:41:19
2026-05-15,비닐닷컴,에어캡봉투/비접착/200*300/200매,20.0,30.0,103.2,200.0,0.0,🟢 수집,포함,판매중,https://xn--ij1bycz62bkyq.com/product/detail.html?product_no=393&cate_no=105&display_group=1,오백미리,20:41:19
2026-05-15,비닐닷컴,에어캡봉투/비접착/250*300/200매,25.0,30.0,129.7,200.0,0.0,🟢 수집,포함,판매중,https://xn--ij1bycz62bkyq.com/product/detail.html?product_no=395&cate_no=105&display_group=1,천미리,20:41:19
2026-05-15,포장몰,에어캡봉투 180x280 300매-BG18,18.0,28.0,138.33333333333334,300.0,0.0,🟢 수집,미포함,판매중,https://pojangmall.co.kr/product/에어캡봉투-180x280-300매-bg18/949/category/75/display/1/,오백미리,20:41:19
2026-05-15,포장몰,에어캡봉투 240x340 200매-BG24,24.0,34.0,209.0,200.0,0.0,🟢 수집,미포함,판매중,https://pojangmall.co.kr/product/에어캡봉투-240x340-200매-bg24/950/category/75/display/1/,천미리,20:41:19
2026-05-15,달인 패키지,에어캡봉투 25*25,25.0,25.0,88.0,5000.0,65000.0,🟢 수집,미포함,판매중,https://dalinweb.cafe24.com/shop/item.php?it_id=1703025293&opidx=10,범용,20:41:19
2026-05-16,달인 패키지,에어캡봉투 20*30,20.0,30.0,60.0,5000.0,65000.0,🟢 수집,미포함,판매중,https://dalinweb.cafe24.com/shop/item.php?it_id=1703025293&opidx=8,오백미리,22:30:09
2026-05-16,달인 패키지,에어캡봉투 25*35,25.0,35.0,108.0,4500.0,65000.0,🟢 수집,미포함,판매중,https://dalinweb.cafe24.com/shop/item.php?it_id=1703025293&opidx=11,천미리,22:30:09
2026-05-16,박스몰,에어캡봉투 20x30,20.0,30.0,101.0,440.0,5300.0,🟢 수집,미포함,판매중,https://www.boxmall.net/product/product_view.php?query=view&code=000038&no=427,오백미리,22:30:09
2026-05-16,박스몰,에어캡봉투 25x32,25.0,32.0,132.0,350.0,5300.0,🟢 수집,미포함,품절,https://www.boxmall.net/product/product_view.php?query=view&code=000038&no=430,천미리,22:30:09
2026-05-16,박스몰,에어캡봉투 25x35,25.0,35.0,139.0,320.0,5300.0,🟢 수집,미포함,품절,https://www.boxmall.net/product/product_view.php?query=view&code=000038&no=2693,천미리,22:30:09
2026-05-16,비닐닷컴,에어캡봉투/비접착/200*300/200매,20.0,30.0,103.2,200.0,0.0,🟢 수집,포함,판매중,https://xn--ij1bycz62bkyq.com/product/detail.html?product_no=393&cate_no=105&display_group=1,오백미리,22:30:09
2026-05-16,비닐닷컴,에어캡봉투/비접착/250*300/200매,25.0,30.0,129.7,200.0,0.0,🟢 수집,포함,판매중,https://xn--ij1bycz62bkyq.com/product/detail.html?product_no=395&cate_no=105&display_group=1,천미리,22:30:09
2026-05-16,포장몰,에어캡봉투 180x280 300매-BG18,18.0,28.0,138.33333333333334,300.0,0.0,🟢 수집,미포함,판매중,https://pojangmall.co.kr/product/에어캡봉투-180x280-300매-bg18/949/category/75/display/1/,오백미리,22:30:09
2026-05-16,포장몰,에어캡봉투 240x340 200매-BG24,24.0,34.0,209.0,200.0,0.0,🟢 수집,미포함,판매중,https://pojangmall.co.kr/product/에어캡봉투-240x340-200매-bg24/950/category/75/display/1/,천미리,22:30:09
2026-05-16,달인 패키지,에어캡봉투 25*25,25.0,25.0,88.0,5000.0,65000.0,🟢 수집,미포함,판매중,https://dalinweb.cafe24.com/shop/item.php?it_id=1703025293&opidx=10,범용,22:30:09
2026-05-17,달인 패키지,에어캡봉투 20*30,20.0,30.0,60.0,5000.0,65000.0,🟢 수집,미포함,판매중,https://dalinweb.cafe24.com/shop/item.php?it_id=1703025293&opidx=8,오백미리,22:39:00
2026-05-17,달인 패키지,에어캡봉투 25*35,25.0,35.0,108.0,4500.0,65000.0,🟢 수집,미포함,판매중,https://dalinweb.cafe24.com/shop/item.php?it_id=1703025293&opidx=11,천미리,22:39:00
2026-05-17,박스몰,에어캡봉투 20x30,20.0,30.0,101.0,440.0,5300.0,🟢 수집,미포함,판매중,https://www.boxmall.net/product/product_view.php?query=view&code=000038&no=427,오백미리,22:39:00
2026-05-17,박스몰,에어캡봉투 25x32,25.0,32.0,132.0,350.0,5300.0,🟢 수집,미포함,품절,https://www.boxmall.net/product/product_view.php?query=view&code=000038&no=430,천미리,22:39:00
2026-05-17,박스몰,에어캡봉투 25x35,25.0,35.0,139.0,320.0,5300.0,🟢 수집,미포함,품절,https://www.boxmall.net/product/product_view.php?query=view&code=000038&no=2693,천미리,22:39:00
2026-05-17,비닐닷컴,에어캡봉투/비접착/200*300/200매,20.0,30.0,103.2,200.0,0.0,🟢 수집,포함,판매중,https://xn--ij1bycz62bkyq.com/product/detail.html?product_no=393&cate_no=105&display_group=1,오백미리,22:39:00
2026-05-17,비닐닷컴,에어캡봉투/비접착/250*300/200매,25.0,30.0,129.7,200.0,0.0,🟢 수집,포함,판매중,https://xn--ij1bycz62bkyq.com/product/detail.html?product_no=395&cate_no=105&display_group=1,천미리,22:39:00
2026-05-17,포장몰,에어캡봉투 180x280 300매-BG18,18.0,28.0,138.33333333333334,300.0,0.0,🟢 수집,미포함,판매중,https://pojangmall.co.kr/product/에어캡봉투-180x280-300매-bg18/949/category/75/display/1/,오백미리,22:39:00
2026-05-17,포장몰,에어캡봉투 240x340 200매-BG24,24.0,34.0,209.0,200.0,0.0,🟢 수집,미포함,판매중,https://pojangmall.co.kr/product/에어캡봉투-240x340-200매-bg24/950/category/75/display/1/,천미리,22:39:00
2026-05-17,달인 패키지,에어캡봉투 25*25,25.0,25.0,88.0,5000.0,65000.0,🟢 수집,미포함,판매중,https://dalinweb.cafe24.com/shop/item.php?it_id=1703025293&opidx=10,범용,22:39:00
2026-05-18,달인 패키지,에어캡봉투 20*30,20.0,30.0,60.0,5000.0,65000.0,🟢 수집,미포함,판매중,https://dalinweb.cafe24.com/shop/item.php?it_id=1703025293&opidx=8,오백미리,22:11:49
2026-05-18,달인 패키지,에어캡봉투 25*35,25.0,35.0,108.0,4500.0,65000.0,🟢 수집,미포함,판매중,https://dalinweb.cafe24.com/shop/item.php?it_id=1703025293&opidx=11,천미리,22:11:49
2026-05-18,박스몰,에어캡봉투 20x30,20.0,30.0,101.0,440.0,5300.0,🟢 수집,미포함,판매중,https://www.boxmall.net/product/product_view.php?query=view&code=000038&no=427,오백미리,22:11:49
2026-05-18,박스몰,에어캡봉투 25x32,25.0,32.0,132.0,350.0,5300.0,🟢 수집,미포함,품절,https://www.boxmall.net/product/product_view.php?query=view&code=000038&no=430,천미리,22:11:49
2026-05-18,박스몰,에어캡봉투 25x35,25.0,35.0,139.0,320.0,5300.0,🟢 수집,미포함,판매중,https://www.boxmall.net/product/product_view.php?query=view&code=000038&no=2693,천미리,22:11:49
2026-05-18,비닐닷컴,에어캡봉투/비접착/200*300/200매,20.0,30.0,103.2,200.0,0.0,🟢 수집,포함,판매중,https://xn--ij1bycz62bkyq.com/product/detail.html?product_no=393&cate_no=105&display_group=1,오백미리,22:11:49
2026-05-18,비닐닷컴,에어캡봉투/비접착/250*300/200매,25.0,30.0,129.7,200.0,0.0,🟢 수집,포함,판매중,https://xn--ij1bycz62bkyq.com/product/detail.html?product_no=395&cate_no=105&display_group=1,천미리,22:11:49
2026-05-18,포장몰,에어캡봉투 180x280 300매-BG18,18.0,28.0,138.33333333333334,300.0,0.0,🟢 수집,미포함,판매중,https://pojangmall.co.kr/product/에어캡봉투-180x280-300매-bg18/949/category/75/display/1/,오백미리,22:11:49
2026-05-18,포장몰,에어캡봉투 240x340 200매-BG24,24.0,34.0,209.0,200.0,0.0,🟢 수집,미포함,판매중,https://pojangmall.co.kr/product/에어캡봉투-240x340-200매-bg24/950/category/75/display/1/,천미리,22:11:49
2026-05-18,달인 패키지,에어캡봉투 25*25,25.0,25.0,88.0,5000.0,65000.0,🟢 수집,미포함,판매중,https://dalinweb.cafe24.com/shop/item.php?it_id=1703025293&opidx=10,범용,22:11:49
2026-05-19,달인 패키지,에어캡봉투 20*30,20.0,30.0,60.0,5000.0,65000.0,🟢 수집,미포함,판매중,https://dalinweb.cafe24.com/shop/item.php?it_id=1703025293&opidx=8,오백미리,22:57:33
2026-05-19,달인 패키지,에어캡봉투 25*35,25.0,35.0,108.0,4500.0,65000.0,🟢 수집,미포함,판매중,https://dalinweb.cafe24.com/shop/item.php?it_id=1703025293&opidx=11,천미리,22:57:33
2026-05-19,박스몰,에어캡봉투 20x30,20.0,30.0,101.0,440.0,5300.0,🟢 수집,미포함,판매중,https://www.boxmall.net/product/product_view.php?query=view&code=000038&no=427,오백미리,22:57:33
2026-05-19,박스몰,에어캡봉투 25x32,25.0,32.0,132.0,350.0,5300.0,🟢 수집,미포함,품절,https://www.boxmall.net/product/product_view.php?query=view&code=000038&no=430,천미리,22:57:33
2026-05-19,박스몰,에어캡봉투 25x35,25.0,35.0,139.0,320.0,5300.0,🟢 수집,미포함,판매중,https://www.boxmall.net/product/product_view.php?query=view&code=000038&no=2693,천미리,22:57:33
2026-05-19,비닐닷컴,에어캡봉투/비접착/200*300/200매,20.0,30.0,103.2,200.0,0.0,🟢 수집,포함,판매중,https://xn--ij1bycz62bkyq.com/product/detail.html?product_no=393&cate_no=105&display_group=1,오백미리,22:57:33
2026-05-19,비닐닷컴,에어캡봉투/비접착/250*300/200매,25.0,30.0,129.7,200.0,0.0,🟢 수집,포함,판매중,https://xn--ij1bycz62bkyq.com/product/detail.html?product_no=395&cate_no=105&display_group=1,천미리,22:57:33
2026-05-19,포장몰,에어캡봉투 180x280 300매-BG18,18.0,28.0,138.33333333333334,300.0,0.0,🟢 수집,미포함,판매중,https://pojangmall.co.kr/product/에어캡봉투-180x280-300매-bg18/949/category/75/display/1/,오백미리,22:57:33
2026-05-19,포장몰,에어캡봉투 240x340 200매-BG24,24.0,34.0,209.0,200.0,0.0,🟢 수집,미포함,판매중,https://pojangmall.co.kr/product/에어캡봉투-240x340-200매-bg24/950/category/75/display/1/,천미리,22:57:33
2026-05-19,달인 패키지,에어캡봉투 25*25,25.0,25.0,88.0,5000.0,65000.0,🟢 수집,미포함,판매중,https://dalinweb.cafe24.com/shop/item.php?it_id=1703025293&opidx=10,범용,22:57:33
2026-05-20,달인 패키지,에어캡봉투 20*30,20.0,30.0,60.0,5000.0,65000.0,🟢 수집,미포함,판매중,https://dalinweb.cafe24.com/shop/item.php?it_id=1703025293&opidx=8,오백미리,23:45:47
2026-05-20,달인 패키지,에어캡봉투 25*35,25.0,35.0,108.0,4500.0,65000.0,🟢 수집,미포함,판매중,https://dalinweb.cafe24.com/shop/item.php?it_id=1703025293&opidx=11,천미리,23:45:47
2026-05-20,박스몰,에어캡봉투 20x30,20.0,30.0,101.0,440.0,5300.0,🟢 수집,미포함,판매중,https://www.boxmall.net/product/product_view.php?query=view&code=000038&no=427,오백미리,23:45:47
2026-05-20,박스몰,에어캡봉투 25x32,25.0,32.0,132.0,350.0,5300.0,🟢 수집,미포함,품절,https://www.boxmall.net/product/product_view.php?query=view&code=000038&no=430,천미리,23:45:47
2026-05-20,박스몰,에어캡봉투 25x35,25.0,35.0,139.0,320.0,5300.0,🟢 수집,미포함,판매중,https://www.boxmall.net/product/product_view.php?query=view&code=000038&no=2693,천미리,23:45:47
2026-05-20,비닐닷컴,에어캡봉투/비접착/200*300/200매,20.0,30.0,103.2,200.0,0.0,🟢 수집,포함,판매중,https://xn--ij1bycz62bkyq.com/product/detail.html?product_no=393&cate_no=105&display_group=1,오백미리,23:45:47
2026-05-20,비닐닷컴,에어캡봉투/비접착/250*300/200매,25.0,30.0,129.7,200.0,0.0,🟢 수집,포함,판매중,https://xn--ij1bycz62bkyq.com/product/detail.html?product_no=395&cate_no=105&display_group=1,천미리,23:45:47
2026-05-20,포장몰,에어캡봉투 180x280 300매-BG18,18.0,28.0,138.33333333333334,300.0,0.0,🟢 수집,미포함,판매중,https://pojangmall.co.kr/product/에어캡봉투-180x280-300매-bg18/949/category/75/display/1/,오백미리,23:45:47
2026-05-20,포장몰,에어캡봉투 240x340 200매-BG24,24.0,34.0,209.0,200.0,0.0,🟢 수집,미포함,판매중,https://pojangmall.co.kr/product/에어캡봉투-240x340-200매-bg24/950/category/75/display/1/,천미리,23:45:47
2026-05-20,달인 패키지,에어캡봉투 25*25,25.0,25.0,88.0,5000.0,65000.0,🟢 수집,미포함,판매중,https://dalinweb.cafe24.com/shop/item.php?it_id=1703025293&opidx=10,범용,23:45:47
2026-05-21,달인 패키지,에어캡봉투 20*30,20.0,30.0,60.0,5000.0,65000.0,🟢 수집,미포함,판매중,https://dalinweb.cafe24.com/shop/item.php?it_id=1703025293&opidx=8,오백미리,23:33:03
2026-05-21,달인 패키지,에어캡봉투 25*35,25.0,35.0,108.0,4500.0,65000.0,🟢 수집,미포함,판매중,https://dalinweb.cafe24.com/shop/item.php?it_id=1703025293&opidx=11,천미리,23:33:03
2026-05-21,박스몰,에어캡봉투 20x30,20.0,30.0,101.0,440.0,5300.0,🟢 수집,미포함,판매중,https://www.boxmall.net/product/product_view.php?query=view&code=000038&no=427,오백미리,23:33:03
2026-05-21,박스몰,에어캡봉투 25x32,25.0,32.0,132.0,350.0,5300.0,🟢 수집,미포함,품절,https://www.boxmall.net/product/product_view.php?query=view&code=000038&no=430,천미리,23:33:03
2026-05-21,박스몰,에어캡봉투 25x35,25.0,35.0,139.0,320.0,5300.0,🟢 수집,미포함,판매중,https://www.boxmall.net/product/product_view.php?query=view&code=000038&no=2693,천미리,23:33:03
2026-05-21,비닐닷컴,에어캡봉투/비접착/200*300/200매,20.0,30.0,103.2,200.0,0.0,🟢 수집,포함,판매중,https://xn--ij1bycz62bkyq.com/product/detail.html?product_no=393&cate_no=105&display_group=1,오백미리,23:33:03
2026-05-21,비닐닷컴,에어캡봉투/비접착/250*300/200매,25.0,30.0,129.7,200.0,0.0,🟢 수집,포함,판매중,https://xn--ij1bycz62bkyq.com/product/detail.html?product_no=395&cate_no=105&display_group=1,천미리,23:33:03
2026-05-21,포장몰,에어캡봉투 180x280 300매-BG18,18.0,28.0,138.33333333333334,300.0,0.0,🟢 수집,미포함,판매중,https://pojangmall.co.kr/product/에어캡봉투-180x280-300매-bg18/949/category/75/display/1/,오백미리,23:33:03
2026-05-21,포장몰,에어캡봉투 240x340 200매-BG24,24.0,34.0,209.0,200.0,0.0,🟢 수집,미포함,품절,https://pojangmall.co.kr/product/에어캡봉투-240x340-200매-bg24/950/category/75/display/1/,천미리,23:33:03
2026-05-21,달인 패키지,에어캡봉투 25*25,25.0,25.0,88.0,5000.0,65000.0,🟢 수집,미포함,판매중,https://dalinweb.cafe24.com/shop/item.php?it_id=1703025293&opidx=10,범용,23:33:03
2026-05-22,달인 패키지,에어캡봉투 20*30,20.0,30.0,60.0,5000.0,65000.0,🟢 수집,미포함,판매중,https://dalinweb.cafe24.com/shop/item.php?it_id=1703025293&opidx=8,오백미리,23:05:33
2026-05-22,달인 패키지,에어캡봉투 25*35,25.0,35.0,108.0,4500.0,65000.0,🟢 수집,미포함,판매중,https://dalinweb.cafe24.com/shop/item.php?it_id=1703025293&opidx=11,천미리,23:05:33
2026-05-22,박스몰,에어캡봉투 20x30,20.0,30.0,101.0,440.0,5300.0,🟢 수집,미포함,판매중,https://www.boxmall.net/product/product_view.php?query=view&code=000038&no=427,오백미리,23:05:33
2026-05-22,박스몰,에어캡봉투 25x32,25.0,32.0,132.0,350.0,5300.0,🟢 수집,미포함,품절,https://www.boxmall.net/product/product_view.php?query=view&code=000038&no=430,천미리,23:05:33
2026-05-22,박스몰,에어캡봉투 25x35,25.0,35.0,139.0,320.0,5300.0,🟢 수집,미포함,판매중,https://www.boxmall.net/product/product_view.php?query=view&code=000038&no=2693,천미리,23:05:33
2026-05-22,비닐닷컴,에어캡봉투/비접착/200*300/200매,20.0,30.0,103.2,200.0,0.0,🟢 수집,포함,판매중,https://xn--ij1bycz62bkyq.com/product/detail.html?product_no=393&cate_no=105&display_group=1,오백미리,23:05:33
2026-05-22,비닐닷컴,에어캡봉투/비접착/250*300/200매,25.0,30.0,129.7,200.0,0.0,🟢 수집,포함,판매중,https://xn--ij1bycz62bkyq.com/product/detail.html?product_no=395&cate_no=105&display_group=1,천미리,23:05:33
2026-05-22,포장몰,에어캡봉투 180x280 300매-BG18,18.0,28.0,138.33333333333334,300.0,0.0,🟢 수집,미포함,판매중,https://pojangmall.co.kr/product/에어캡봉투-180x280-300매-bg18/949/category/75/display/1/,오백미리,23:05:33
2026-05-22,포장몰,에어캡봉투 240x340 200매-BG24,24.0,34.0,209.0,200.0,0.0,🟢 수집,미포함,품절,https://pojangmall.co.kr/product/에어캡봉투-240x340-200매-bg24/950/category/75/display/1/,천미리,23:05:33
2026-05-22,달인 패키지,에어캡봉투 25*25,25.0,25.0,88.0,5000.0,65000.0,🟢 수집,미포함,판매중,https://dalinweb.cafe24.com/shop/item.php?it_id=1703025293&opidx=10,범용,23:05:33
2026-05-23,달인 패키지,에어캡봉투 20*30,20.0,30.0,60.0,5000.0,65000.0,🟢 수집,미포함,판매중,https://dalinweb.cafe24.com/shop/item.php?it_id=1703025293&opidx=8,오백미리,23:26:55
2026-05-23,달인 패키지,에어캡봉투 25*35,25.0,35.0,108.0,4500.0,65000.0,🟢 수집,미포함,판매중,https://dalinweb.cafe24.com/shop/item.php?it_id=1703025293&opidx=11,천미리,23:26:55
2026-05-23,박스몰,에어캡봉투 20x30,20.0,30.0,101.0,440.0,5300.0,🟢 수집,미포함,판매중,https://www.boxmall.net/product/product_view.php?query=view&code=000038&no=427,오백미리,23:26:55
2026-05-23,박스몰,에어캡봉투 25x32,25.0,32.0,132.0,350.0,5300.0,🟢 수집,미포함,품절,https://www.boxmall.net/product/product_view.php?query=view&code=000038&no=430,천미리,23:26:55
2026-05-23,박스몰,에어캡봉투 25x35,25.0,35.0,139.0,320.0,5300.0,🟢 수집,미포함,판매중,https://www.boxmall.net/product/product_view.php?query=view&code=000038&no=2693,천미리,23:26:55
2026-05-23,비닐닷컴,에어캡봉투/비접착/200*300/200매,20.0,30.0,103.2,200.0,0.0,🟢 수집,포함,판매중,https://xn--ij1bycz62bkyq.com/product/detail.html?product_no=393&cate_no=105&display_group=1,오백미리,23:26:55
2026-05-23,비닐닷컴,에어캡봉투/비접착/250*300/200매,25.0,30.0,129.7,200.0,0.0,🟢 수집,포함,판매중,https://xn--ij1bycz62bkyq.com/product/detail.html?product_no=395&cate_no=105&display_group=1,천미리,23:26:55
2026-05-23,포장몰,에어캡봉투 180x280 300매-BG18,18.0,28.0,138.33333333333334,300.0,0.0,🟢 수집,미포함,판매중,https://pojangmall.co.kr/product/에어캡봉투-180x280-300매-bg18/949/category/75/display/1/,오백미리,23:26:55
2026-05-23,포장몰,에어캡봉투 240x340 200매-BG24,24.0,34.0,209.0,200.0,0.0,🟢 수집,미포함,품절,https://pojangmall.co.kr/product/에어캡봉투-240x340-200매-bg24/950/category/75/display/1/,천미리,23:26:55
2026-05-23,달인 패키지,에어캡봉투 25*25,25.0,25.0,88.0,5000.0,65000.0,🟢 수집,미포함,판매중,https://dalinweb.cafe24.com/shop/item.php?it_id=1703025293&opidx=10,범용,23:26:55
2026-05-24,달인 패키지,에어캡봉투 20*30,20.0,30.0,60.0,5000.0,65000.0,🟢 수집,미포함,판매중,https://dalinweb.cafe24.com/shop/item.php?it_id=1703025293&opidx=8,오백미리,23:53:04
2026-05-24,달인 패키지,에어캡봉투 25*35,25.0,35.0,108.0,4500.0,65000.0,🟢 수집,미포함,판매중,https://dalinweb.cafe24.com/shop/item.php?it_id=1703025293&opidx=11,천미리,23:53:04
2026-05-24,박스몰,에어캡봉투 20x30,20.0,30.0,101.0,440.0,5300.0,🟢 수집,미포함,판매중,https://www.boxmall.net/product/product_view.php?query=view&code=000038&no=427,오백미리,23:53:04
2026-05-24,박스몰,에어캡봉투 25x32,25.0,32.0,132.0,350.0,5300.0,🟢 수집,미포함,품절,https://www.boxmall.net/product/product_view.php?query=view&code=000038&no=430,천미리,23:53:04
2026-05-24,박스몰,에어캡봉투 25x35,25.0,35.0,139.0,320.0,5300.0,🟢 수집,미포함,판매중,https://www.boxmall.net/product/product_view.php?query=view&code=000038&no=2693,천미리,23:53:04
2026-05-24,비닐닷컴,에어캡봉투/비접착/200*300/200매,20.0,30.0,103.2,200.0,0.0,🟢 수집,포함,판매중,https://xn--ij1bycz62bkyq.com/product/detail.html?product_no=393&cate_no=105&display_group=1,오백미리,23:53:04
2026-05-24,비닐닷컴,에어캡봉투/비접착/250*300/200매,25.0,30.0,129.7,200.0,0.0,🟢 수집,포함,판매중,https://xn--ij1bycz62bkyq.com/product/detail.html?product_no=395&cate_no=105&display_group=1,천미리,23:53:04
2026-05-24,포장몰,에어캡봉투 180x280 300매-BG18,18.0,28.0,138.33333333333334,300.0,0.0,🟢 수집,미포함,판매중,https://pojangmall.co.kr/product/에어캡봉투-180x280-300매-bg18/949/category/75/display/1/,오백미리,23:53:04
2026-05-24,포장몰,에어캡봉투 240x340 200매-BG24,24.0,34.0,209.0,200.0,0.0,🟢 수집,미포함,품절,https://pojangmall.co.kr/product/에어캡봉투-240x340-200매-bg24/950/category/75/display/1/,천미리,23:53:04
2026-05-24,달인 패키지,에어캡봉투 25*25,25.0,25.0,88.0,5000.0,65000.0,🟢 수집,미포함,판매중,https://dalinweb.cafe24.com/shop/item.php?it_id=1703025293&opidx=10,범용,23:53:04
2026-05-25,달인 패키지,에어캡봉투 20*30,20.0,30.0,60.0,5000.0,65000.0,🟢 수집,미포함,판매중,https://dalinweb.cafe24.com/shop/item.php?it_id=1703025293&opidx=8,오백미리,23:58:02
2026-05-25,달인 패키지,에어캡봉투 25*35,25.0,35.0,108.0,4500.0,65000.0,🟢 수집,미포함,판매중,https://dalinweb.cafe24.com/shop/item.php?it_id=1703025293&opidx=11,천미리,23:58:02
2026-05-25,박스몰,에어캡봉투 20x30,20.0,30.0,101.0,440.0,5300.0,🟢 수집,미포함,판매중,https://www.boxmall.net/product/product_view.php?query=view&code=000038&no=427,오백미리,23:58:02
2026-05-25,박스몰,에어캡봉투 25x32,25.0,32.0,132.0,350.0,5300.0,🟢 수집,미포함,품절,https://www.boxmall.net/product/product_view.php?query=view&code=000038&no=430,천미리,23:58:02
2026-05-25,박스몰,에어캡봉투 25x35,25.0,35.0,139.0,320.0,5300.0,🟢 수집,미포함,판매중,https://www.boxmall.net/product/product_view.php?query=view&code=000038&no=2693,천미리,23:58:02
2026-05-25,비닐닷컴,에어캡봉투/비접착/200*300/200매,20.0,30.0,103.2,200.0,0.0,🟢 수집,포함,판매중,https://xn--ij1bycz62bkyq.com/product/detail.html?product_no=393&cate_no=105&display_group=1,오백미리,23:58:02
2026-05-25,비닐닷컴,에어캡봉투/비접착/250*300/200매,25.0,30.0,129.7,200.0,0.0,🟢 수집,포함,판매중,https://xn--ij1bycz62bkyq.com/product/detail.html?product_no=395&cate_no=105&display_group=1,천미리,23:58:02
2026-05-25,포장몰,에어캡봉투 180x280 300매-BG18,18.0,28.0,138.33333333333334,300.0,0.0,🟢 수집,미포함,판매중,https://pojangmall.co.kr/product/에어캡봉투-180x280-300매-bg18/949/category/75/display/1/,오백미리,23:58:02
2026-05-25,포장몰,에어캡봉투 240x340 200매-BG24,24.0,34.0,209.0,200.0,0.0,🟢 수집,미포함,품절,https://pojangmall.co.kr/product/에어캡봉투-240x340-200매-bg24/950/category/75/display/1/,천미리,23:58:02
2026-05-25,달인 패키지,에어캡봉투 25*25,25.0,25.0,88.0,5000.0,65000.0,🟢 수집,미포함,판매중,https://dalinweb.cafe24.com/shop/item.php?it_id=1703025293&opidx=10,범용,23:58:02
2026-05-26,달인 패키지,에어캡봉투 20*30,20.0,30.0,60.0,5000.0,65000.0,🟢 수집,미포함,판매중,https://dalinweb.cafe24.com/shop/item.php?it_id=1703025293&opidx=8,오백미리,23:02:43
2026-05-26,달인 패키지,에어캡봉투 25*35,25.0,35.0,108.0,4500.0,65000.0,🟢 수집,미포함,판매중,https://dalinweb.cafe24.com/shop/item.php?it_id=1703025293&opidx=11,천미리,23:02:43
2026-05-26,박스몰,에어캡봉투 20x30,20.0,30.0,101.0,440.0,5300.0,🟢 수집,미포함,판매중,https://www.boxmall.net/product/product_view.php?query=view&code=000038&no=427,오백미리,23:02:43
2026-05-26,박스몰,에어캡봉투 25x32,25.0,32.0,132.0,350.0,5300.0,🟢 수집,미포함,판매중,https://www.boxmall.net/product/product_view.php?query=view&code=000038&no=430,천미리,23:02:43
2026-05-26,박스몰,에어캡봉투 25x35,25.0,35.0,139.0,320.0,5300.0,🟢 수집,미포함,판매중,https://www.boxmall.net/product/product_view.php?query=view&code=000038&no=2693,천미리,23:02:43
2026-05-26,비닐닷컴,에어캡봉투/비접착/200*300/200매,20.0,30.0,103.2,200.0,0.0,🟢 수집,포함,판매중,https://xn--ij1bycz62bkyq.com/product/detail.html?product_no=393&cate_no=105&display_group=1,오백미리,23:02:43
2026-05-26,비닐닷컴,에어캡봉투/비접착/250*300/200매,25.0,30.0,129.7,200.0,0.0,🟢 수집,포함,판매중,https://xn--ij1bycz62bkyq.com/product/detail.html?product_no=395&cate_no=105&display_group=1,천미리,23:02:43
2026-05-26,포장몰,에어캡봉투 180x280 300매-BG18,18.0,28.0,138.33333333333334,300.0,0.0,🟢 수집,미포함,판매중,https://pojangmall.co.kr/product/에어캡봉투-180x280-300매-bg18/949/category/75/display/1/,오백미리,23:02:43
2026-05-26,포장몰,에어캡봉투 240x340 200매-BG24,24.0,34.0,209.0,200.0,0.0,🟢 수집,미포함,품절,https://pojangmall.co.kr/product/에어캡봉투-240x340-200매-bg24/950/category/75/display/1/,천미리,23:02:43
2026-05-26,달인 패키지,에어캡봉투 25*25,25.0,25.0,88.0,5000.0,65000.0,🟢 수집,미포함,판매중,https://dalinweb.cafe24.com/shop/item.php?it_id=1703025293&opidx=10,범용,23:02:43
2026-05-27,달인 패키지,에어캡봉투 20*30,20.0,30.0,60.0,5000.0,65000.0,🟢 수집,미포함,판매중,https://dalinweb.cafe24.com/shop/item.php?it_id=1703025293&opidx=8,오백미리,23:41:57
2026-05-27,달인 패키지,에어캡봉투 25*35,25.0,35.0,108.0,4500.0,65000.0,🟢 수집,미포함,판매중,https://dalinweb.cafe24.com/shop/item.php?it_id=1703025293&opidx=11,천미리,23:41:57
2026-05-27,박스몰,에어캡봉투 20x30,20.0,30.0,101.0,440.0,5300.0,🟢 수집,미포함,판매중,https://www.boxmall.net/product/product_view.php?query=view&code=000038&no=427,오백미리,23:41:57
2026-05-27,박스몰,에어캡봉투 25x32,25.0,32.0,132.0,350.0,5300.0,🟢 수집,미포함,판매중,https://www.boxmall.net/product/product_view.php?query=view&code=000038&no=430,천미리,23:41:57
2026-05-27,박스몰,에어캡봉투 25x35,25.0,35.0,139.0,320.0,5300.0,🟢 수집,미포함,판매중,https://www.boxmall.net/product/product_view.php?query=view&code=000038&no=2693,천미리,23:41:57
2026-05-27,비닐닷컴,에어캡봉투/비접착/200*300/200매,20.0,30.0,103.2,200.0,0.0,🟢 수집,포함,판매중,https://xn--ij1bycz62bkyq.com/product/detail.html?product_no=393&cate_no=105&display_group=1,오백미리,23:41:57
2026-05-27,비닐닷컴,에어캡봉투/비접착/250*300/200매,25.0,30.0,129.7,200.0,0.0,🟢 수집,포함,판매중,https://xn--ij1bycz62bkyq.com/product/detail.html?product_no=395&cate_no=105&display_group=1,천미리,23:41:57
2026-05-27,포장몰,에어캡봉투 180x280 300매-BG18,18.0,28.0,138.33333333333334,300.0,0.0,🟢 수집,미포함,판매중,https://pojangmall.co.kr/product/에어캡봉투-180x280-300매-bg18/949/category/75/display/1/,오백미리,23:41:57
2026-05-27,포장몰,에어캡봉투 240x340 200매-BG24,24.0,34.0,209.0,200.0,0.0,🟢 수집,미포함,품절,https://pojangmall.co.kr/product/에어캡봉투-240x340-200매-bg24/950/category/75/display/1/,천미리,23:41:57
2026-05-27,달인 패키지,에어캡봉투 25*25,25.0,25.0,88.0,5000.0,65000.0,🟢 수집,미포함,판매중,https://dalinweb.cafe24.com/shop/item.php?it_id=1703025293&opidx=10,범용,23:41:57
2026-05-28,달인 패키지,에어캡봉투 20*30,20.0,30.0,60.0,5000.0,65000.0,🟢 수집,미포함,판매중,https://dalinweb.cafe24.com/shop/item.php?it_id=1703025293&opidx=8,오백미리,23:47:39
2026-05-28,달인 패키지,에어캡봉투 25*35,25.0,35.0,108.0,4500.0,65000.0,🟢 수집,미포함,판매중,https://dalinweb.cafe24.com/shop/item.php?it_id=1703025293&opidx=11,천미리,23:47:39
2026-05-28,박스몰,에어캡봉투 20x30,20.0,30.0,101.0,440.0,5300.0,🟢 수집,미포함,판매중,https://www.boxmall.net/product/product_view.php?query=view&code=000038&no=427,오백미리,23:47:39
2026-05-28,박스몰,에어캡봉투 25x32,25.0,32.0,132.0,350.0,5300.0,🟢 수집,미포함,판매중,https://www.boxmall.net/product/product_view.php?query=view&code=000038&no=430,천미리,23:47:39
2026-05-28,박스몰,에어캡봉투 25x35,25.0,35.0,139.0,320.0,5300.0,🟢 수집,미포함,판매중,https://www.boxmall.net/product/product_view.php?query=view&code=000038&no=2693,천미리,23:47:39
2026-05-28,비닐닷컴,에어캡봉투/비접착/200*300/200매,20.0,30.0,103.2,200.0,0.0,🟢 수집,포함,판매중,https://xn--ij1bycz62bkyq.com/product/detail.html?product_no=393&cate_no=105&display_group=1,오백미리,23:47:39
2026-05-28,비닐닷컴,에어캡봉투/비접착/250*300/200매,25.0,30.0,129.7,200.0,0.0,🟢 수집,포함,판매중,https://xn--ij1bycz62bkyq.com/product/detail.html?product_no=395&cate_no=105&display_group=1,천미리,23:47:39
2026-05-28,포장몰,에어캡봉투 180x280 300매-BG18,18.0,28.0,138.33333333333334,300.0,0.0,🟢 수집,미포함,판매중,https://pojangmall.co.kr/product/에어캡봉투-180x280-300매-bg18/949/category/75/display/1/,오백미리,23:47:39
2026-05-28,포장몰,에어캡봉투 240x340 200매-BG24,24.0,34.0,209.0,200.0,0.0,🟢 수집,미포함,품절,https://pojangmall.co.kr/product/에어캡봉투-240x340-200매-bg24/950/category/75/display/1/,천미리,23:47:39
2026-05-28,달인 패키지,에어캡봉투 25*25,25.0,25.0,88.0,5000.0,65000.0,🟢 수집,미포함,판매중,https://dalinweb.cafe24.com/shop/item.php?it_id=1703025293&opidx=10,범용,23:47:39
2026-05-29,달인 패키지,에어캡봉투 20*30,20.0,30.0,60.0,5000.0,65000.0,🟢 수집,미포함,판매중,https://dalinweb.cafe24.com/shop/item.php?it_id=1703025293&opidx=8,오백미리,23:05:16
2026-05-29,달인 패키지,에어캡봉투 25*35,25.0,35.0,108.0,4500.0,65000.0,🟢 수집,미포함,판매중,https://dalinweb.cafe24.com/shop/item.php?it_id=1703025293&opidx=11,천미리,23:05:16
2026-05-29,박스몰,에어캡봉투 20x30,20.0,30.0,101.0,440.0,5300.0,🟢 수집,미포함,판매중,https://www.boxmall.net/product/product_view.php?query=view&code=000038&no=427,오백미리,23:05:16
2026-05-29,박스몰,에어캡봉투 25x32,25.0,32.0,132.0,350.0,5300.0,🟢 수집,미포함,판매중,https://www.boxmall.net/product/product_view.php?query=view&code=000038&no=430,천미리,23:05:16
2026-05-29,박스몰,에어캡봉투 25x35,25.0,35.0,139.0,320.0,5300.0,🟢 수집,미포함,판매중,https://www.boxmall.net/product/product_view.php?query=view&code=000038&no=2693,천미리,23:05:16
2026-05-29,비닐닷컴,에어캡봉투/비접착/200*300/200매,20.0,30.0,103.2,200.0,0.0,🟢 수집,포함,판매중,https://xn--ij1bycz62bkyq.com/product/detail.html?product_no=393&cate_no=105&display_group=1,오백미리,23:05:16
2026-05-29,비닐닷컴,에어캡봉투/비접착/250*300/200매,25.0,30.0,129.7,200.0,0.0,🟢 수집,포함,판매중,https://xn--ij1bycz62bkyq.com/product/detail.html?product_no=395&cate_no=105&display_group=1,천미리,23:05:16
2026-05-29,포장몰,에어캡봉투 180x280 300매-BG18,18.0,28.0,138.33333333333334,300.0,0.0,🟢 수집,미포함,판매중,https://pojangmall.co.kr/product/에어캡봉투-180x280-300매-bg18/949/category/75/display/1/,오백미리,23:05:16
2026-05-29,포장몰,에어캡봉투 240x340 200매-BG24,24.0,34.0,209.0,200.0,0.0,🟢 수집,미포함,품절,https://pojangmall.co.kr/product/에어캡봉투-240x340-200매-bg24/950/category/75/display/1/,천미리,23:05:16
2026-05-29,달인 패키지,에어캡봉투 25*25,25.0,25.0,88.0,5000.0,65000.0,🟢 수집,미포함,판매중,https://dalinweb.cafe24.com/shop/item.php?it_id=1703025293&opidx=10,범용,23:05:16
2026-05-30,달인 패키지,에어캡봉투 20*30,20.0,30.0,60.0,5000.0,65000.0,🟢 수집,미포함,판매중,https://dalinweb.cafe24.com/shop/item.php?it_id=1703025293&opidx=8,오백미리,23:54:37
2026-05-30,달인 패키지,에어캡봉투 25*35,25.0,35.0,108.0,4500.0,65000.0,🟢 수집,미포함,판매중,https://dalinweb.cafe24.com/shop/item.php?it_id=1703025293&opidx=11,천미리,23:54:37
2026-05-30,박스몰,에어캡봉투 20x30,20.0,30.0,101.0,440.0,5300.0,🟢 수집,미포함,판매중,https://www.boxmall.net/product/product_view.php?query=view&code=000038&no=427,오백미리,23:54:37
2026-05-30,박스몰,에어캡봉투 25x32,25.0,32.0,132.0,350.0,5300.0,🟢 수집,미포함,판매중,https://www.boxmall.net/product/product_view.php?query=view&code=000038&no=430,천미리,23:54:37
2026-05-30,박스몰,에어캡봉투 25x35,25.0,35.0,139.0,320.0,5300.0,🟢 수집,미포함,판매중,https://www.boxmall.net/product/product_view.php?query=view&code=000038&no=2693,천미리,23:54:37
2026-05-30,비닐닷컴,에어캡봉투/비접착/200*300/200매,20.0,30.0,103.2,200.0,0.0,🟢 수집,포함,판매중,https://xn--ij1bycz62bkyq.com/product/detail.html?product_no=393&cate_no=105&display_group=1,오백미리,23:54:37
2026-05-30,비닐닷컴,에어캡봉투/비접착/250*300/200매,25.0,30.0,129.7,200.0,0.0,🟢 수집,포함,판매중,https://xn--ij1bycz62bkyq.com/product/detail.html?product_no=395&cate_no=105&display_group=1,천미리,23:54:37
2026-05-30,포장몰,에어캡봉투 180x280 300매-BG18,18.0,28.0,138.33333333333334,300.0,0.0,🟢 수집,미포함,판매중,https://pojangmall.co.kr/product/에어캡봉투-180x280-300매-bg18/949/category/75/display/1/,오백미리,23:54:37
2026-05-30,포장몰,에어캡봉투 240x340 200매-BG24,24.0,34.0,209.0,200.0,0.0,🟢 수집,미포함,품절,https://pojangmall.co.kr/product/에어캡봉투-240x340-200매-bg24/950/category/75/display/1/,천미리,23:54:37
2026-05-30,달인 패키지,에어캡봉투 25*25,25.0,25.0,88.0,5000.0,65000.0,🟢 수집,미포함,판매중,https://dalinweb.cafe24.com/shop/item.php?it_id=1703025293&opidx=10,범용,23:54:37
2026-05-31,달인 패키지,에어캡봉투 20*30,20.0,30.0,60.0,5000.0,65000.0,🟢 수집,미포함,판매중,https://dalinweb.cafe24.com/shop/item.php?it_id=1703025293&opidx=8,오백미리,23:59:04
2026-05-31,달인 패키지,에어캡봉투 25*35,25.0,35.0,108.0,4500.0,65000.0,🟢 수집,미포함,판매중,https://dalinweb.cafe24.com/shop/item.php?it_id=1703025293&opidx=11,천미리,23:59:04
2026-05-31,박스몰,에어캡봉투 20x30,20.0,30.0,101.0,440.0,5300.0,🟢 수집,미포함,판매중,https://www.boxmall.net/product/product_view.php?query=view&code=000038&no=427,오백미리,23:59:04
2026-05-31,박스몰,에어캡봉투 25x32,25.0,32.0,132.0,350.0,5300.0,🟢 수집,미포함,판매중,https://www.boxmall.net/product/product_view.php?query=view&code=000038&no=430,천미리,23:59:04
2026-05-31,박스몰,에어캡봉투 25x35,25.0,35.0,139.0,320.0,5300.0,🟢 수집,미포함,판매중,https://www.boxmall.net/product/product_view.php?query=view&code=000038&no=2693,천미리,23:59:04
2026-05-31,비닐닷컴,에어캡봉투/비접착/200*300/200매,20.0,30.0,103.2,200.0,0.0,🟢 수집,포함,판매중,https://xn--ij1bycz62bkyq.com/product/detail.html?product_no=393&cate_no=105&display_group=1,오백미리,23:59:04
2026-05-31,비닐닷컴,에어캡봉투/비접착/250*300/200매,25.0,30.0,129.7,200.0,0.0,🟢 수집,포함,판매중,https://xn--ij1bycz62bkyq.com/product/detail.html?product_no=395&cate_no=105&display_group=1,천미리,23:59:04
2026-05-31,포장몰,에어캡봉투 180x280 300매-BG18,18.0,28.0,138.33333333333334,300.0,0.0,🟢 수집,미포함,판매중,https://pojangmall.co.kr/product/에어캡봉투-180x280-300매-bg18/949/category/75/display/1/,오백미리,23:59:04
2026-05-31,포장몰,에어캡봉투 240x340 200매-BG24,24.0,34.0,209.0,200.0,0.0,🟢 수집,미포함,품절,https://pojangmall.co.kr/product/에어캡봉투-240x340-200매-bg24/950/category/75/display/1/,천미리,23:59:04
2026-05-31,달인 패키지,에어캡봉투 25*25,25.0,25.0,88.0,5000.0,65000.0,🟢 수집,미포함,판매중,https://dalinweb.cafe24.com/shop/item.php?it_id=1703025293&opidx=10,범용,23:59:04
2026-06-01,달인 패키지,에어캡봉투 20*30,20.0,30.0,60.0,5000.0,65000.0,🟢 수집,미포함,판매중,https://dalinweb.cafe24.com/shop/item.php?it_id=1703025293&opidx=8,오백미리,22:40:15
2026-06-01,달인 패키지,에어캡봉투 25*35,25.0,35.0,108.0,4500.0,65000.0,🟢 수집,미포함,판매중,https://dalinweb.cafe24.com/shop/item.php?it_id=1703025293&opidx=11,천미리,22:40:15
2026-06-01,박스몰,에어캡봉투 20x30,20.0,30.0,111.0,440.0,5300.0,🟢 수집,미포함,판매중,https://www.boxmall.net/product/product_view.php?query=view&code=000038&no=427,오백미리,22:40:15
2026-06-01,박스몰,에어캡봉투 25x32,25.0,32.0,147.0,350.0,5300.0,🟢 수집,미포함,판매중,https://www.boxmall.net/product/product_view.php?query=view&code=000038&no=430,천미리,22:40:15
2026-06-01,박스몰,에어캡봉투 25x35,25.0,35.0,155.0,320.0,5300.0,🟢 수집,미포함,판매중,https://www.boxmall.net/product/product_view.php?query=view&code=000038&no=2693,천미리,22:40:15
2026-06-01,비닐닷컴,에어캡봉투/비접착/200*300/200매,20.0,30.0,103.2,200.0,0.0,🟢 수집,포함,판매중,https://xn--ij1bycz62bkyq.com/product/detail.html?product_no=393&cate_no=105&display_group=1,오백미리,22:40:15
2026-06-01,비닐닷컴,에어캡봉투/비접착/250*300/200매,25.0,30.0,129.7,200.0,0.0,🟢 수집,포함,판매중,https://xn--ij1bycz62bkyq.com/product/detail.html?product_no=395&cate_no=105&display_group=1,천미리,22:40:15
2026-06-01,포장몰,에어캡봉투 180x280 300매-BG18,18.0,28.0,138.33333333333334,300.0,0.0,🟢 수집,미포함,판매중,https://pojangmall.co.kr/product/에어캡봉투-180x280-300매-bg18/949/category/75/display/1/,오백미리,22:40:15
2026-06-01,포장몰,에어캡봉투 240x340 200매-BG24,24.0,34.0,209.0,200.0,0.0,🟢 수집,미포함,품절,https://pojangmall.co.kr/product/에어캡봉투-240x340-200매-bg24/950/category/75/display/1/,천미리,22:40:15
2026-06-01,달인 패키지,에어캡봉투 25*25,25.0,25.0,88.0,5000.0,65000.0,🟢 수집,미포함,판매중,https://dalinweb.cafe24.com/shop/item.php?it_id=1703025293&opidx=10,범용,22:40:15
2026-06-02,달인 패키지,에어캡봉투 20*30,20.0,30.0,60.0,5000.0,65000.0,🟢 수집,미포함,판매중,https://dalinweb.cafe24.com/shop/item.php?it_id=1703025293&opidx=8,오백미리,23:15:19
2026-06-02,달인 패키지,에어캡봉투 25*35,25.0,35.0,108.0,4500.0,65000.0,🟢 수집,미포함,판매중,https://dalinweb.cafe24.com/shop/item.php?it_id=1703025293&opidx=11,천미리,23:15:19
2026-06-02,박스몰,에어캡봉투 20x30,20.0,30.0,111.0,440.0,5300.0,🟢 수집,미포함,판매중,https://www.boxmall.net/product/product_view.php?query=view&code=000038&no=427,오백미리,23:15:19
2026-06-02,박스몰,에어캡봉투 25x32,25.0,32.0,147.0,350.0,5300.0,🟢 수집,미포함,판매중,https://www.boxmall.net/product/product_view.php?query=view&code=000038&no=430,천미리,23:15:19
2026-06-02,박스몰,에어캡봉투 25x35,25.0,35.0,155.0,320.0,5300.0,🟢 수집,미포함,판매중,https://www.boxmall.net/product/product_view.php?query=view&code=000038&no=2693,천미리,23:15:19
2026-06-02,비닐닷컴,에어캡봉투/비접착/200*300/200매,20.0,30.0,103.2,200.0,0.0,🟢 수집,포함,판매중,https://xn--ij1bycz62bkyq.com/product/detail.html?product_no=393&cate_no=105&display_group=1,오백미리,23:15:19
2026-06-02,비닐닷컴,에어캡봉투/비접착/250*300/200매,25.0,30.0,129.7,200.0,0.0,🟢 수집,포함,판매중,https://xn--ij1bycz62bkyq.com/product/detail.html?product_no=395&cate_no=105&display_group=1,천미리,23:15:19
2026-06-02,포장몰,에어캡봉투 180x280 300매-BG18,18.0,28.0,138.33333333333334,300.0,0.0,🟢 수집,미포함,판매중,https://pojangmall.co.kr/product/에어캡봉투-180x280-300매-bg18/949/category/75/display/1/,오백미리,23:15:19
2026-06-02,포장몰,에어캡봉투 240x340 200매-BG24,24.0,34.0,209.0,200.0,0.0,🟢 수집,미포함,품절,https://pojangmall.co.kr/product/에어캡봉투-240x340-200매-bg24/950/category/75/display/1/,천미리,23:15:19
2026-06-02,달인 패키지,에어캡봉투 25*25,25.0,25.0,88.0,5000.0,65000.0,🟢 수집,미포함,판매중,https://dalinweb.cafe24.com/shop/item.php?it_id=1703025293&opidx=10,범용,23:15:19
2026-06-03,달인 패키지,에어캡봉투 20*30,20.0,30.0,60.0,5000.0,65000.0,🟢 수집,미포함,판매중,https://dalinweb.cafe24.com/shop/item.php?it_id=1703025293&opidx=8,오백미리,22:58:56
2026-06-03,달인 패키지,에어캡봉투 25*35,25.0,35.0,108.0,4500.0,65000.0,🟢 수집,미포함,판매중,https://dalinweb.cafe24.com/shop/item.php?it_id=1703025293&opidx=11,천미리,22:58:56
2026-06-03,박스몰,에어캡봉투 20x30,20.0,30.0,111.0,440.0,5300.0,🟢 수집,미포함,판매중,https://www.boxmall.net/product/product_view.php?query=view&code=000038&no=427,오백미리,22:58:56
2026-06-03,박스몰,에어캡봉투 25x32,25.0,32.0,147.0,350.0,5300.0,🟢 수집,미포함,판매중,https://www.boxmall.net/product/product_view.php?query=view&code=000038&no=430,천미리,22:58:56
2026-06-03,박스몰,에어캡봉투 25x35,25.0,35.0,155.0,320.0,5300.0,🟢 수집,미포함,판매중,https://www.boxmall.net/product/product_view.php?query=view&code=000038&no=2693,천미리,22:58:56
2026-06-03,비닐닷컴,에어캡봉투/비접착/200*300/200매,20.0,30.0,103.2,200.0,0.0,🟢 수집,포함,판매중,https://xn--ij1bycz62bkyq.com/product/detail.html?product_no=393&cate_no=105&display_group=1,오백미리,22:58:56
2026-06-03,비닐닷컴,에어캡봉투/비접착/250*300/200매,25.0,30.0,129.7,200.0,0.0,🟢 수집,포함,판매중,https://xn--ij1bycz62bkyq.com/product/detail.html?product_no=395&cate_no=105&display_group=1,천미리,22:58:56
2026-06-03,포장몰,에어캡봉투 180x280 300매-BG18,18.0,28.0,138.33333333333334,300.0,0.0,🟢 수집,미포함,판매중,https://pojangmall.co.kr/product/에어캡봉투-180x280-300매-bg18/949/category/75/display/1/,오백미리,22:58:56
2026-06-03,포장몰,에어캡봉투 240x340 200매-BG24,24.0,34.0,209.0,200.0,0.0,🟢 수집,미포함,품절,https://pojangmall.co.kr/product/에어캡봉투-240x340-200매-bg24/950/category/75/display/1/,천미리,22:58:56
2026-06-03,달인 패키지,에어캡봉투 25*25,25.0,25.0,88.0,5000.0,65000.0,🟢 수집,미포함,판매중,https://dalinweb.cafe24.com/shop/item.php?it_id=1703025293&opidx=10,범용,22:58:56
2026-06-04,달인 패키지,에어캡봉투 20*30,20.0,30.0,60.0,5000.0,65000.0,🟢 수집,미포함,판매중,https://dalinweb.cafe24.com/shop/item.php?it_id=1703025293&opidx=8,오백미리,23:59:43
2026-06-04,달인 패키지,에어캡봉투 25*35,25.0,35.0,108.0,4500.0,65000.0,🟢 수집,미포함,판매중,https://dalinweb.cafe24.com/shop/item.php?it_id=1703025293&opidx=11,천미리,23:59:43
2026-06-04,박스몰,에어캡봉투 20x30,20.0,30.0,111.0,440.0,5300.0,🟢 수집,미포함,판매중,https://www.boxmall.net/product/product_view.php?query=view&code=000038&no=427,오백미리,23:59:43
2026-06-04,박스몰,에어캡봉투 25x32,25.0,32.0,147.0,350.0,5300.0,🟢 수집,미포함,판매중,https://www.boxmall.net/product/product_view.php?query=view&code=000038&no=430,천미리,23:59:43
2026-06-04,박스몰,에어캡봉투 25x35,25.0,35.0,155.0,320.0,5300.0,🟢 수집,미포함,판매중,https://www.boxmall.net/product/product_view.php?query=view&code=000038&no=2693,천미리,23:59:43
2026-06-04,비닐닷컴,에어캡봉투/비접착/200*300/200매,20.0,30.0,103.2,200.0,0.0,🟢 수집,포함,판매중,https://xn--ij1bycz62bkyq.com/product/detail.html?product_no=393&cate_no=105&display_group=1,오백미리,23:59:43
2026-06-04,비닐닷컴,에어캡봉투/비접착/250*300/200매,25.0,30.0,129.7,200.0,0.0,🟢 수집,포함,판매중,https://xn--ij1bycz62bkyq.com/product/detail.html?product_no=395&cate_no=105&display_group=1,천미리,23:59:43
2026-06-04,포장몰,에어캡봉투 180x280 300매-BG18,18.0,28.0,138.33333333333334,300.0,0.0,🟢 수집,미포함,판매중,https://pojangmall.co.kr/product/에어캡봉투-180x280-300매-bg18/949/category/75/display/1/,오백미리,23:59:43
2026-06-04,포장몰,에어캡봉투 240x340 200매-BG24,24.0,34.0,209.0,200.0,0.0,🟢 수집,미포함,품절,https://pojangmall.co.kr/product/에어캡봉투-240x340-200매-bg24/950/category/75/display/1/,천미리,23:59:43
2026-06-04,달인 패키지,에어캡봉투 25*25,25.0,25.0,88.0,5000.0,65000.0,🟢 수집,미포함,판매중,https://dalinweb.cafe24.com/shop/item.php?it_id=1703025293&opidx=10,범용,23:59:43
2026-06-05,달인 패키지,에어캡봉투 20*30,20.0,30.0,60.0,5000.0,65000.0,🟢 수집,미포함,판매중,https://dalinweb.cafe24.com/shop/item.php?it_id=1703025293&opidx=8,오백미리,23:43:41
2026-06-05,달인 패키지,에어캡봉투 25*35,25.0,35.0,108.0,4500.0,65000.0,🟢 수집,미포함,판매중,https://dalinweb.cafe24.com/shop/item.php?it_id=1703025293&opidx=11,천미리,23:43:41
2026-06-05,박스몰,에어캡봉투 20x30,20.0,30.0,111.0,440.0,5300.0,🟢 수집,미포함,판매중,https://www.boxmall.net/product/product_view.php?query=view&code=000038&no=427,오백미리,23:43:41
2026-06-05,박스몰,에어캡봉투 25x32,25.0,32.0,147.0,350.0,5300.0,🟢 수집,미포함,판매중,https://www.boxmall.net/product/product_view.php?query=view&code=000038&no=430,천미리,23:43:41
2026-06-05,박스몰,에어캡봉투 25x35,25.0,35.0,155.0,320.0,5300.0,🟢 수집,미포함,판매중,https://www.boxmall.net/product/product_view.php?query=view&code=000038&no=2693,천미리,23:43:41
2026-06-05,비닐닷컴,에어캡봉투/비접착/200*300/200매,20.0,30.0,103.2,200.0,0.0,🟢 수집,포함,판매중,https://xn--ij1bycz62bkyq.com/product/detail.html?product_no=393&cate_no=105&display_group=1,오백미리,23:43:41
2026-06-05,비닐닷컴,에어캡봉투/비접착/250*300/200매,25.0,30.0,129.7,200.0,0.0,🟢 수집,포함,판매중,https://xn--ij1bycz62bkyq.com/product/detail.html?product_no=395&cate_no=105&display_group=1,천미리,23:43:41
2026-06-05,포장몰,에어캡봉투 180x280 300매-BG18,18.0,28.0,138.33333333333334,300.0,0.0,🟢 수집,미포함,판매중,https://pojangmall.co.kr/product/에어캡봉투-180x280-300매-bg18/949/category/75/display/1/,오백미리,23:43:41
2026-06-05,포장몰,에어캡봉투 240x340 200매-BG24,24.0,34.0,209.0,200.0,0.0,🟢 수집,미포함,품절,https://pojangmall.co.kr/product/에어캡봉투-240x340-200매-bg24/950/category/75/display/1/,천미리,23:43:41
2026-06-05,달인 패키지,에어캡봉투 25*25,25.0,25.0,88.0,5000.0,65000.0,🟢 수집,미포함,판매중,https://dalinweb.cafe24.com/shop/item.php?it_id=1703025293&opidx=10,범용,23:43:41
2026-06-06,달인 패키지,에어캡봉투 20*30,20.0,30.0,60.0,5000.0,65000.0,🟢 수집,미포함,판매중,https://dalinweb.cafe24.com/shop/item.php?it_id=1703025293&opidx=8,오백미리,22:56:37
2026-06-06,달인 패키지,에어캡봉투 25*35,25.0,35.0,108.0,4500.0,65000.0,🟢 수집,미포함,판매중,https://dalinweb.cafe24.com/shop/item.php?it_id=1703025293&opidx=11,천미리,22:56:37
2026-06-06,박스몰,에어캡봉투 20x30,20.0,30.0,111.0,440.0,5300.0,🟢 수집,미포함,판매중,https://www.boxmall.net/product/product_view.php?query=view&code=000038&no=427,오백미리,22:56:37
2026-06-06,박스몰,에어캡봉투 25x32,25.0,32.0,147.0,350.0,5300.0,🟢 수집,미포함,판매중,https://www.boxmall.net/product/product_view.php?query=view&code=000038&no=430,천미리,22:56:37
2026-06-06,박스몰,에어캡봉투 25x35,25.0,35.0,155.0,320.0,5300.0,🟢 수집,미포함,판매중,https://www.boxmall.net/product/product_view.php?query=view&code=000038&no=2693,천미리,22:56:37
2026-06-06,비닐닷컴,에어캡봉투/비접착/200*300/200매,20.0,30.0,103.2,200.0,0.0,🟢 수집,포함,판매중,https://xn--ij1bycz62bkyq.com/product/detail.html?product_no=393&cate_no=105&display_group=1,오백미리,22:56:37
2026-06-06,비닐닷컴,에어캡봉투/비접착/250*300/200매,25.0,30.0,129.7,200.0,0.0,🟢 수집,포함,판매중,https://xn--ij1bycz62bkyq.com/product/detail.html?product_no=395&cate_no=105&display_group=1,천미리,22:56:37
2026-06-06,포장몰,에어캡봉투 180x280 300매-BG18,18.0,28.0,138.33333333333334,300.0,0.0,🟢 수집,미포함,판매중,https://pojangmall.co.kr/product/에어캡봉투-180x280-300매-bg18/949/category/75/display/1/,오백미리,22:56:37
2026-06-06,포장몰,에어캡봉투 240x340 200매-BG24,24.0,34.0,209.0,200.0,0.0,🟢 수집,미포함,품절,https://pojangmall.co.kr/product/에어캡봉투-240x340-200매-bg24/950/category/75/display/1/,천미리,22:56:37
2026-06-06,달인 패키지,에어캡봉투 25*25,25.0,25.0,88.0,5000.0,65000.0,🟢 수집,미포함,판매중,https://dalinweb.cafe24.com/shop/item.php?it_id=1703025293&opidx=10,범용,22:56:37
2026-06-07,달인 패키지,에어캡봉투 20*30,20.0,30.0,60.0,5000.0,65000.0,🟢 수집,미포함,판매중,https://dalinweb.cafe24.com/shop/item.php?it_id=1703025293&opidx=8,오백미리,23:05:46
2026-06-07,달인 패키지,에어캡봉투 25*35,25.0,35.0,108.0,4500.0,65000.0,🟢 수집,미포함,판매중,https://dalinweb.cafe24.com/shop/item.php?it_id=1703025293&opidx=11,천미리,23:05:46
2026-06-07,박스몰,에어캡봉투 20x30,20.0,30.0,111.0,440.0,5300.0,🟢 수집,미포함,판매중,https://www.boxmall.net/product/product_view.php?query=view&code=000038&no=427,오백미리,23:05:46
2026-06-07,박스몰,에어캡봉투 25x32,25.0,32.0,147.0,350.0,5300.0,🟢 수집,미포함,판매중,https://www.boxmall.net/product/product_view.php?query=view&code=000038&no=430,천미리,23:05:46
2026-06-07,박스몰,에어캡봉투 25x35,25.0,35.0,155.0,320.0,5300.0,🟢 수집,미포함,판매중,https://www.boxmall.net/product/product_view.php?query=view&code=000038&no=2693,천미리,23:05:46
2026-06-07,비닐닷컴,에어캡봉투/비접착/200*300/200매,20.0,30.0,103.2,200.0,0.0,🟢 수집,포함,판매중,https://xn--ij1bycz62bkyq.com/product/detail.html?product_no=393&cate_no=105&display_group=1,오백미리,23:05:46
2026-06-07,비닐닷컴,에어캡봉투/비접착/250*300/200매,25.0,30.0,129.7,200.0,0.0,🟢 수집,포함,판매중,https://xn--ij1bycz62bkyq.com/product/detail.html?product_no=395&cate_no=105&display_group=1,천미리,23:05:46
2026-06-07,포장몰,에어캡봉투 180x280 300매-BG18,18.0,28.0,138.33333333333334,300.0,0.0,🟢 수집,미포함,판매중,https://pojangmall.co.kr/product/에어캡봉투-180x280-300매-bg18/949/category/75/display/1/,오백미리,23:05:46
2026-06-07,포장몰,에어캡봉투 240x340 200매-BG24,24.0,34.0,209.0,200.0,0.0,🟢 수집,미포함,품절,https://pojangmall.co.kr/product/에어캡봉투-240x340-200매-bg24/950/category/75/display/1/,천미리,23:05:46
2026-06-07,달인 패키지,에어캡봉투 25*25,25.0,25.0,88.0,5000.0,65000.0,🟢 수집,미포함,판매중,https://dalinweb.cafe24.com/shop/item.php?it_id=1703025293&opidx=10,범용,23:05:46
2026-06-08,달인 패키지,에어캡봉투 20*30,20.0,30.0,60.0,5000.0,65000.0,🟢 수집,미포함,판매중,https://dalinweb.cafe24.com/shop/item.php?it_id=1703025293&opidx=8,오백미리,23:43:01
2026-06-08,달인 패키지,에어캡봉투 25*35,25.0,35.0,108.0,4500.0,65000.0,🟢 수집,미포함,판매중,https://dalinweb.cafe24.com/shop/item.php?it_id=1703025293&opidx=11,천미리,23:43:01
2026-06-08,박스몰,에어캡봉투 20x30,20.0,30.0,111.0,440.0,5300.0,🟢 수집,미포함,판매중,https://www.boxmall.net/product/product_view.php?query=view&code=000038&no=427,오백미리,23:43:01
2026-06-08,박스몰,에어캡봉투 25x32,25.0,32.0,147.0,350.0,5300.0,🟢 수집,미포함,판매중,https://www.boxmall.net/product/product_view.php?query=view&code=000038&no=430,천미리,23:43:01
2026-06-08,박스몰,에어캡봉투 25x35,25.0,35.0,155.0,320.0,5300.0,🟢 수집,미포함,판매중,https://www.boxmall.net/product/product_view.php?query=view&code=000038&no=2693,천미리,23:43:01
2026-06-08,비닐닷컴,에어캡봉투/비접착/200*300/200매,20.0,30.0,103.2,200.0,0.0,🟢 수집,포함,판매중,https://xn--ij1bycz62bkyq.com/product/detail.html?product_no=393&cate_no=105&display_group=1,오백미리,23:43:01
2026-06-08,비닐닷컴,에어캡봉투/비접착/250*300/200매,25.0,30.0,129.7,200.0,0.0,🟢 수집,포함,판매중,https://xn--ij1bycz62bkyq.com/product/detail.html?product_no=395&cate_no=105&display_group=1,천미리,23:43:01
2026-06-08,포장몰,에어캡봉투 180x280 300매-BG18,18.0,28.0,138.33333333333334,300.0,0.0,🟢 수집,미포함,판매중,https://pojangmall.co.kr/product/에어캡봉투-180x280-300매-bg18/949/category/75/display/1/,오백미리,23:43:01
2026-06-08,포장몰,에어캡봉투 240x340 200매-BG24,24.0,34.0,209.0,200.0,0.0,🟢 수집,미포함,품절,https://pojangmall.co.kr/product/에어캡봉투-240x340-200매-bg24/950/category/75/display/1/,천미리,23:43:01
2026-06-08,달인 패키지,에어캡봉투 25*25,25.0,25.0,88.0,5000.0,65000.0,🟢 수집,미포함,판매중,https://dalinweb.cafe24.com/shop/item.php?it_id=1703025293&opidx=10,범용,23:43:01
2026-06-09,달인 패키지,에어캡봉투 20*30,20.0,30.0,60.0,5000.0,65000.0,🟢 수집,미포함,판매중,https://dalinweb.cafe24.com/shop/item.php?it_id=1703025293&opidx=8,오백미리,23:48:52
2026-06-09,달인 패키지,에어캡봉투 25*35,25.0,35.0,108.0,4500.0,65000.0,🟢 수집,미포함,판매중,https://dalinweb.cafe24.com/shop/item.php?it_id=1703025293&opidx=11,천미리,23:48:52
2026-06-09,박스몰,에어캡봉투 20x30,20.0,30.0,111.0,440.0,5300.0,🟢 수집,미포함,판매중,https://www.boxmall.net/product/product_view.php?query=view&code=000038&no=427,오백미리,23:48:52
2026-06-09,박스몰,에어캡봉투 25x32,25.0,32.0,147.0,350.0,5300.0,🟢 수집,미포함,판매중,https://www.boxmall.net/product/product_view.php?query=view&code=000038&no=430,천미리,23:48:52
2026-06-09,박스몰,에어캡봉투 25x35,25.0,35.0,155.0,320.0,5300.0,🟢 수집,미포함,판매중,https://www.boxmall.net/product/product_view.php?query=view&code=000038&no=2693,천미리,23:48:52
2026-06-09,비닐닷컴,에어캡봉투/비접착/200*300/200매,20.0,30.0,103.2,200.0,0.0,🟢 수집,포함,판매중,https://xn--ij1bycz62bkyq.com/product/detail.html?product_no=393&cate_no=105&display_group=1,오백미리,23:48:52
2026-06-09,비닐닷컴,에어캡봉투/비접착/250*300/200매,25.0,30.0,129.7,200.0,0.0,🟢 수집,포함,판매중,https://xn--ij1bycz62bkyq.com/product/detail.html?product_no=395&cate_no=105&display_group=1,천미리,23:48:52
2026-06-09,포장몰,에어캡봉투 180x280 300매-BG18,18.0,28.0,138.33333333333334,300.0,0.0,🟢 수집,미포함,판매중,https://pojangmall.co.kr/product/에어캡봉투-180x280-300매-bg18/949/category/75/display/1/,오백미리,23:48:52
2026-06-09,포장몰,에어캡봉투 240x340 200매-BG24,24.0,34.0,209.0,200.0,0.0,🟢 수집,미포함,품절,https://pojangmall.co.kr/product/에어캡봉투-240x340-200매-bg24/950/category/75/display/1/,천미리,23:48:52
2026-06-09,달인 패키지,에어캡봉투 25*25,25.0,25.0,88.0,5000.0,65000.0,🟢 수집,미포함,판매중,https://dalinweb.cafe24.com/shop/item.php?it_id=1703025293&opidx=10,범용,23:48:52
2026-06-10,달인 패키지,에어캡봉투 20*30,20.0,30.0,60.0,5000.0,65000.0,🟢 수집,미포함,판매중,https://dalinweb.cafe24.com/shop/item.php?it_id=1703025293&opidx=8,오백미리,23:54:01
2026-06-10,달인 패키지,에어캡봉투 25*35,25.0,35.0,108.0,4500.0,65000.0,🟢 수집,미포함,판매중,https://dalinweb.cafe24.com/shop/item.php?it_id=1703025293&opidx=11,천미리,23:54:01
2026-06-10,박스몰,에어캡봉투 20x30,20.0,30.0,111.0,440.0,5300.0,🟢 수집,미포함,판매중,https://www.boxmall.net/product/product_view.php?query=view&code=000038&no=427,오백미리,23:54:01
2026-06-10,박스몰,에어캡봉투 25x32,25.0,32.0,147.0,350.0,5300.0,🟢 수집,미포함,판매중,https://www.boxmall.net/product/product_view.php?query=view&code=000038&no=430,천미리,23:54:01
2026-06-10,박스몰,에어캡봉투 25x35,25.0,35.0,155.0,320.0,5300.0,🟢 수집,미포함,판매중,https://www.boxmall.net/product/product_view.php?query=view&code=000038&no=2693,천미리,23:54:01
2026-06-10,비닐닷컴,에어캡봉투/비접착/200*300/200매,20.0,30.0,103.2,200.0,0.0,🟢 수집,포함,판매중,https://xn--ij1bycz62bkyq.com/product/detail.html?product_no=393&cate_no=105&display_group=1,오백미리,23:54:01
2026-06-10,비닐닷컴,에어캡봉투/비접착/250*300/200매,25.0,30.0,129.7,200.0,0.0,🟢 수집,포함,판매중,https://xn--ij1bycz62bkyq.com/product/detail.html?product_no=395&cate_no=105&display_group=1,천미리,23:54:01
2026-06-10,포장몰,에어캡봉투 180x280 300매-BG18,18.0,28.0,138.33333333333334,300.0,0.0,🟢 수집,미포함,판매중,https://pojangmall.co.kr/product/에어캡봉투-180x280-300매-bg18/949/category/75/display/1/,오백미리,23:54:01
2026-06-10,포장몰,에어캡봉투 240x340 200매-BG24,24.0,34.0,209.0,200.0,0.0,🟢 수집,미포함,품절,https://pojangmall.co.kr/product/에어캡봉투-240x340-200매-bg24/950/category/75/display/1/,천미리,23:54:01
2026-06-10,달인 패키지,에어캡봉투 25*25,25.0,25.0,88.0,5000.0,65000.0,🟢 수집,미포함,판매중,https://dalinweb.cafe24.com/shop/item.php?it_id=1703025293&opidx=10,범용,23:54:01
2026-06-11,달인 패키지,에어캡봉투 20*30,20.0,30.0,60.0,5000.0,65000.0,🟢 수집,미포함,판매중,https://dalinweb.cafe24.com/shop/item.php?it_id=1703025293&opidx=8,오백미리,23:02:46
2026-06-11,달인 패키지,에어캡봉투 25*35,25.0,35.0,108.0,4500.0,65000.0,🟢 수집,미포함,판매중,https://dalinweb.cafe24.com/shop/item.php?it_id=1703025293&opidx=11,천미리,23:02:46
2026-06-11,박스몰,에어캡봉투 20x30,20.0,30.0,111.0,440.0,5300.0,🟢 수집,미포함,판매중,https://www.boxmall.net/product/product_view.php?query=view&code=000038&no=427,오백미리,23:02:46
2026-06-11,박스몰,에어캡봉투 25x32,25.0,32.0,147.0,350.0,5300.0,🟢 수집,미포함,판매중,https://www.boxmall.net/product/product_view.php?query=view&code=000038&no=430,천미리,23:02:46
2026-06-11,박스몰,에어캡봉투 25x35,25.0,35.0,155.0,320.0,5300.0,🟢 수집,미포함,판매중,https://www.boxmall.net/product/product_view.php?query=view&code=000038&no=2693,천미리,23:02:46
2026-06-11,비닐닷컴,에어캡봉투/비접착/200*300/200매,20.0,30.0,103.2,200.0,0.0,🟢 수집,포함,판매중,https://xn--ij1bycz62bkyq.com/product/detail.html?product_no=393&cate_no=105&display_group=1,오백미리,23:02:46
2026-06-11,비닐닷컴,에어캡봉투/비접착/250*300/200매,25.0,30.0,129.7,200.0,0.0,🟢 수집,포함,판매중,https://xn--ij1bycz62bkyq.com/product/detail.html?product_no=395&cate_no=105&display_group=1,천미리,23:02:46
2026-06-11,포장몰,에어캡봉투 180x280 300매-BG18,18.0,28.0,138.33333333333334,300.0,0.0,🟢 수집,미포함,판매중,https://pojangmall.co.kr/product/에어캡봉투-180x280-300매-bg18/949/category/75/display/1/,오백미리,23:02:46
2026-06-11,포장몰,에어캡봉투 240x340 200매-BG24,24.0,34.0,209.0,200.0,0.0,🟢 수집,미포함,품절,https://pojangmall.co.kr/product/에어캡봉투-240x340-200매-bg24/950/category/75/display/1/,천미리,23:02:46
2026-06-11,달인 패키지,에어캡봉투 25*25,25.0,25.0,88.0,5000.0,65000.0,🟢 수집,미포함,판매중,https://dalinweb.cafe24.com/shop/item.php?it_id=1703025293&opidx=10,범용,23:02:46
2026-06-12,달인 패키지,에어캡봉투 20*30,20.0,30.0,60.0,5000.0,65000.0,🟢 수집,미포함,판매중,https://dalinweb.cafe24.com/shop/item.php?it_id=1703025293&opidx=8,오백미리,22:53:50
2026-06-12,달인 패키지,에어캡봉투 25*35,25.0,35.0,108.0,4500.0,65000.0,🟢 수집,미포함,판매중,https://dalinweb.cafe24.com/shop/item.php?it_id=1703025293&opidx=11,천미리,22:53:50
2026-06-12,박스몰,에어캡봉투 20x30,20.0,30.0,111.0,440.0,5300.0,🟢 수집,미포함,판매중,https://www.boxmall.net/product/product_view.php?query=view&code=000038&no=427,오백미리,22:53:50
2026-06-12,박스몰,에어캡봉투 25x32,25.0,32.0,147.0,350.0,5300.0,🟢 수집,미포함,판매중,https://www.boxmall.net/product/product_view.php?query=view&code=000038&no=430,천미리,22:53:50
2026-06-12,박스몰,에어캡봉투 25x35,25.0,35.0,155.0,320.0,5300.0,🟢 수집,미포함,판매중,https://www.boxmall.net/product/product_view.php?query=view&code=000038&no=2693,천미리,22:53:50
2026-06-12,비닐닷컴,에어캡봉투/비접착/200*300/200매,20.0,30.0,103.2,200.0,0.0,🟢 수집,포함,판매중,https://xn--ij1bycz62bkyq.com/product/detail.html?product_no=393&cate_no=105&display_group=1,오백미리,22:53:50
2026-06-12,비닐닷컴,에어캡봉투/비접착/250*300/200매,25.0,30.0,129.7,200.0,0.0,🟢 수집,포함,판매중,https://xn--ij1bycz62bkyq.com/product/detail.html?product_no=395&cate_no=105&display_group=1,천미리,22:53:50
2026-06-12,포장몰,에어캡봉투 180x280 300매-BG18,18.0,28.0,138.33333333333334,300.0,0.0,🟢 수집,미포함,판매중,https://pojangmall.co.kr/product/에어캡봉투-180x280-300매-bg18/949/category/75/display/1/,오백미리,22:53:50
2026-06-12,포장몰,에어캡봉투 240x340 200매-BG24,24.0,34.0,209.0,200.0,0.0,🟢 수집,미포함,판매중,https://pojangmall.co.kr/product/에어캡봉투-240x340-200매-bg24/950/category/75/display/1/,천미리,22:53:50
2026-06-12,달인 패키지,에어캡봉투 25*25,25.0,25.0,88.0,5000.0,65000.0,🟢 수집,미포함,판매중,https://dalinweb.cafe24.com/shop/item.php?it_id=1703025293&opidx=10,범용,22:53:50
2026-06-13,달인 패키지,에어캡봉투 20*30,20.0,30.0,60.0,5000.0,65000.0,🟢 수집,미포함,판매중,https://dalinweb.cafe24.com/shop/item.php?it_id=1703025293&opidx=8,오백미리,23:01:35
2026-06-13,달인 패키지,에어캡봉투 25*35,25.0,35.0,108.0,4500.0,65000.0,🟢 수집,미포함,판매중,https://dalinweb.cafe24.com/shop/item.php?it_id=1703025293&opidx=11,천미리,23:01:35
2026-06-13,박스몰,에어캡봉투 20x30,20.0,30.0,111.0,440.0,5300.0,🟢 수집,미포함,판매중,https://www.boxmall.net/product/product_view.php?query=view&code=000038&no=427,오백미리,23:01:35
2026-06-13,박스몰,에어캡봉투 25x32,25.0,32.0,147.0,350.0,5300.0,🟢 수집,미포함,판매중,https://www.boxmall.net/product/product_view.php?query=view&code=000038&no=430,천미리,23:01:35
2026-06-13,박스몰,에어캡봉투 25x35,25.0,35.0,155.0,320.0,5300.0,🟢 수집,미포함,판매중,https://www.boxmall.net/product/product_view.php?query=view&code=000038&no=2693,천미리,23:01:35
2026-06-13,비닐닷컴,에어캡봉투/비접착/200*300/200매,20.0,30.0,103.2,200.0,0.0,🟢 수집,포함,판매중,https://xn--ij1bycz62bkyq.com/product/detail.html?product_no=393&cate_no=105&display_group=1,오백미리,23:01:35
2026-06-13,비닐닷컴,에어캡봉투/비접착/250*300/200매,25.0,30.0,129.7,200.0,0.0,🟢 수집,포함,판매중,https://xn--ij1bycz62bkyq.com/product/detail.html?product_no=395&cate_no=105&display_group=1,천미리,23:01:35
2026-06-13,포장몰,에어캡봉투 180x280 300매-BG18,18.0,28.0,138.33333333333334,300.0,0.0,🟢 수집,미포함,판매중,https://pojangmall.co.kr/product/에어캡봉투-180x280-300매-bg18/949/category/75/display/1/,오백미리,23:01:35
2026-06-13,포장몰,에어캡봉투 240x340 200매-BG24,24.0,34.0,209.0,200.0,0.0,🟢 수집,미포함,판매중,https://pojangmall.co.kr/product/에어캡봉투-240x340-200매-bg24/950/category/75/display/1/,천미리,23:01:35
2026-06-13,달인 패키지,에어캡봉투 25*25,25.0,25.0,88.0,5000.0,65000.0,🟢 수집,미포함,판매중,https://dalinweb.cafe24.com/shop/item.php?it_id=1703025293&opidx=10,범용,23:01:35
2026-06-14,달인 패키지,에어캡봉투 20*30,20.0,30.0,60.0,5000.0,65000.0,🟢 수집,미포함,판매중,https://dalinweb.cafe24.com/shop/item.php?it_id=1703025293&opidx=8,오백미리,23:43:19
2026-06-14,달인 패키지,에어캡봉투 25*35,25.0,35.0,108.0,4500.0,65000.0,🟢 수집,미포함,판매중,https://dalinweb.cafe24.com/shop/item.php?it_id=1703025293&opidx=11,천미리,23:43:19
2026-06-14,박스몰,에어캡봉투 20x30,20.0,30.0,111.0,440.0,5300.0,🟢 수집,미포함,판매중,https://www.boxmall.net/product/product_view.php?query=view&code=000038&no=427,오백미리,23:43:19
2026-06-14,박스몰,에어캡봉투 25x32,25.0,32.0,147.0,350.0,5300.0,🟢 수집,미포함,판매중,https://www.boxmall.net/product/product_view.php?query=view&code=000038&no=430,천미리,23:43:19
2026-06-14,박스몰,에어캡봉투 25x35,25.0,35.0,155.0,320.0,5300.0,🟢 수집,미포함,판매중,https://www.boxmall.net/product/product_view.php?query=view&code=000038&no=2693,천미리,23:43:19
2026-06-14,비닐닷컴,에어캡봉투/비접착/200*300/200매,20.0,30.0,103.2,200.0,0.0,🟢 수집,포함,판매중,https://xn--ij1bycz62bkyq.com/product/detail.html?product_no=393&cate_no=105&display_group=1,오백미리,23:43:19
2026-06-14,비닐닷컴,에어캡봉투/비접착/250*300/200매,25.0,30.0,129.7,200.0,0.0,🟢 수집,포함,판매중,https://xn--ij1bycz62bkyq.com/product/detail.html?product_no=395&cate_no=105&display_group=1,천미리,23:43:19
2026-06-14,포장몰,에어캡봉투 180x280 300매-BG18,18.0,28.0,138.33333333333334,300.0,0.0,🟢 수집,미포함,판매중,https://pojangmall.co.kr/product/에어캡봉투-180x280-300매-bg18/949/category/75/display/1/,오백미리,23:43:19
2026-06-14,포장몰,에어캡봉투 240x340 200매-BG24,24.0,34.0,209.0,200.0,0.0,🟢 수집,미포함,판매중,https://pojangmall.co.kr/product/에어캡봉투-240x340-200매-bg24/950/category/75/display/1/,천미리,23:43:19
2026-06-14,달인 패키지,에어캡봉투 25*25,25.0,25.0,88.0,5000.0,65000.0,🟢 수집,미포함,판매중,https://dalinweb.cafe24.com/shop/item.php?it_id=1703025293&opidx=10,범용,23:43:19
2026-06-15,달인 패키지,에어캡봉투 20*30,20.0,30.0,60.0,5000.0,65000.0,🟢 수집,미포함,판매중,https://dalinweb.cafe24.com/shop/item.php?it_id=1703025293&opidx=8,오백미리,23:47:43
2026-06-15,달인 패키지,에어캡봉투 25*35,25.0,35.0,108.0,4500.0,65000.0,🟢 수집,미포함,판매중,https://dalinweb.cafe24.com/shop/item.php?it_id=1703025293&opidx=11,천미리,23:47:43
2026-06-15,박스몰,에어캡봉투 20x30,20.0,30.0,111.0,440.0,5300.0,🟢 수집,미포함,판매중,https://www.boxmall.net/product/product_view.php?query=view&code=000038&no=427,오백미리,23:47:43
2026-06-15,박스몰,에어캡봉투 25x32,25.0,32.0,147.0,350.0,5300.0,🟢 수집,미포함,판매중,https://www.boxmall.net/product/product_view.php?query=view&code=000038&no=430,천미리,23:47:43
2026-06-15,박스몰,에어캡봉투 25x35,25.0,35.0,155.0,320.0,5300.0,🟢 수집,미포함,판매중,https://www.boxmall.net/product/product_view.php?query=view&code=000038&no=2693,천미리,23:47:43
2026-06-15,비닐닷컴,에어캡봉투/비접착/200*300/200매,20.0,30.0,103.2,200.0,0.0,🟢 수집,포함,판매중,https://xn--ij1bycz62bkyq.com/product/detail.html?product_no=393&cate_no=105&display_group=1,오백미리,23:47:43
2026-06-15,비닐닷컴,에어캡봉투/비접착/250*300/200매,25.0,30.0,129.7,200.0,0.0,🟢 수집,포함,판매중,https://xn--ij1bycz62bkyq.com/product/detail.html?product_no=395&cate_no=105&display_group=1,천미리,23:47:43
2026-06-15,포장몰,에어캡봉투 180x280 300매-BG18,18.0,28.0,138.33333333333334,300.0,0.0,🟢 수집,미포함,판매중,https://pojangmall.co.kr/product/에어캡봉투-180x280-300매-bg18/949/category/75/display/1/,오백미리,23:47:43
2026-06-15,포장몰,에어캡봉투 240x340 200매-BG24,24.0,34.0,209.0,200.0,0.0,🟢 수집,미포함,판매중,https://pojangmall.co.kr/product/에어캡봉투-240x340-200매-bg24/950/category/75/display/1/,천미리,23:47:43
2026-06-15,달인 패키지,에어캡봉투 25*25,25.0,25.0,88.0,5000.0,65000.0,🟢 수집,미포함,판매중,https://dalinweb.cafe24.com/shop/item.php?it_id=1703025293&opidx=10,범용,23:47:43
2026-06-16,달인 패키지,에어캡봉투 20*30,20.0,30.0,60.0,5000.0,65000.0,🟢 수집,미포함,판매중,https://dalinweb.cafe24.com/shop/item.php?it_id=1703025293&opidx=8,오백미리,23:03:23
2026-06-16,달인 패키지,에어캡봉투 25*35,25.0,35.0,108.0,4500.0,65000.0,🟢 수집,미포함,판매중,https://dalinweb.cafe24.com/shop/item.php?it_id=1703025293&opidx=11,천미리,23:03:23
2026-06-16,박스몰,에어캡봉투 20x30,20.0,30.0,111.0,440.0,5300.0,🟢 수집,미포함,판매중,https://www.boxmall.net/product/product_view.php?query=view&code=000038&no=427,오백미리,23:03:23
2026-06-16,박스몰,에어캡봉투 25x32,25.0,32.0,147.0,350.0,5300.0,🟢 수집,미포함,판매중,https://www.boxmall.net/product/product_view.php?query=view&code=000038&no=430,천미리,23:03:23
2026-06-16,박스몰,에어캡봉투 25x35,25.0,35.0,155.0,320.0,5300.0,🟢 수집,미포함,판매중,https://www.boxmall.net/product/product_view.php?query=view&code=000038&no=2693,천미리,23:03:23
2026-06-16,비닐닷컴,에어캡봉투/비접착/200*300/200매,20.0,30.0,103.2,200.0,0.0,🟢 수집,포함,판매중,https://xn--ij1bycz62bkyq.com/product/detail.html?product_no=393&cate_no=105&display_group=1,오백미리,23:03:23
2026-06-16,비닐닷컴,에어캡봉투/비접착/250*300/200매,25.0,30.0,129.7,200.0,0.0,🟢 수집,포함,판매중,https://xn--ij1bycz62bkyq.com/product/detail.html?product_no=395&cate_no=105&display_group=1,천미리,23:03:23
2026-06-16,포장몰,에어캡봉투 180x280 300매-BG18,18.0,28.0,138.33333333333334,300.0,0.0,🟢 수집,미포함,판매중,https://pojangmall.co.kr/product/에어캡봉투-180x280-300매-bg18/949/category/75/display/1/,오백미리,23:03:23
2026-06-16,포장몰,에어캡봉투 240x340 200매-BG24,24.0,34.0,209.0,200.0,0.0,🟢 수집,미포함,판매중,https://pojangmall.co.kr/product/에어캡봉투-240x340-200매-bg24/950/category/75/display/1/,천미리,23:03:23
2026-06-16,달인 패키지,에어캡봉투 25*25,25.0,25.0,88.0,5000.0,65000.0,🟢 수집,미포함,판매중,https://dalinweb.cafe24.com/shop/item.php?it_id=1703025293&opidx=10,범용,23:03:23
2026-06-17,달인 패키지,에어캡봉투 20*30,20.0,30.0,60.0,5000.0,65000.0,🟢 수집,미포함,판매중,https://dalinweb.cafe24.com/shop/item.php?it_id=1703025293&opidx=8,오백미리,22:46:58
2026-06-17,달인 패키지,에어캡봉투 25*35,25.0,35.0,108.0,4500.0,65000.0,🟢 수집,미포함,판매중,https://dalinweb.cafe24.com/shop/item.php?it_id=1703025293&opidx=11,천미리,22:46:58
2026-06-17,박스몰,에어캡봉투 20x30,20.0,30.0,86.0,440.0,5300.0,🟢 수집,미포함,판매중,https://www.boxmall.net/product/product_view.php?query=view&code=000038&no=427,오백미리,22:46:58
2026-06-17,박스몰,에어캡봉투 25x32,25.0,32.0,102.0,350.0,5300.0,🟢 수집,미포함,판매중,https://www.boxmall.net/product/product_view.php?query=view&code=000038&no=430,천미리,22:46:58
2026-06-17,박스몰,에어캡봉투 25x35,25.0,35.0,105.0,320.0,5300.0,🟢 수집,미포함,판매중,https://www.boxmall.net/product/product_view.php?query=view&code=000038&no=2693,천미리,22:46:58
2026-06-17,비닐닷컴,에어캡봉투/비접착/200*300/200매,20.0,30.0,103.2,200.0,0.0,🟢 수집,포함,판매중,https://xn--ij1bycz62bkyq.com/product/detail.html?product_no=393&cate_no=105&display_group=1,오백미리,22:46:58
2026-06-17,비닐닷컴,에어캡봉투/비접착/250*300/200매,25.0,30.0,129.7,200.0,0.0,🟢 수집,포함,판매중,https://xn--ij1bycz62bkyq.com/product/detail.html?product_no=395&cate_no=105&display_group=1,천미리,22:46:58
2026-06-17,포장몰,에어캡봉투 180x280 300매-BG18,18.0,28.0,138.33333333333334,300.0,0.0,🟢 수집,미포함,판매중,https://pojangmall.co.kr/product/에어캡봉투-180x280-300매-bg18/949/category/75/display/1/,오백미리,22:46:58
2026-06-17,포장몰,에어캡봉투 240x340 200매-BG24,24.0,34.0,209.0,200.0,0.0,🟢 수집,미포함,판매중,https://pojangmall.co.kr/product/에어캡봉투-240x340-200매-bg24/950/category/75/display/1/,천미리,22:46:58
2026-06-17,달인 패키지,에어캡봉투 25*25,25.0,25.0,88.0,5000.0,65000.0,🟢 수집,미포함,판매중,https://dalinweb.cafe24.com/shop/item.php?it_id=1703025293&opidx=10,범용,22:46:58
2026-06-18,달인 패키지,에어캡봉투 20*30,20.0,30.0,60.0,5000.0,65000.0,🟢 수집,미포함,판매중,https://dalinweb.cafe24.com/shop/item.php?it_id=1703025293&opidx=8,오백미리,23:14:54
2026-06-18,달인 패키지,에어캡봉투 25*35,25.0,35.0,108.0,4500.0,65000.0,🟢 수집,미포함,판매중,https://dalinweb.cafe24.com/shop/item.php?it_id=1703025293&opidx=11,천미리,23:14:54
2026-06-18,박스몰,에어캡봉투 20x30,20.0,30.0,86.0,440.0,5300.0,🟢 수집,미포함,판매중,https://www.boxmall.net/product/product_view.php?query=view&code=000038&no=427,오백미리,23:14:54
2026-06-18,박스몰,에어캡봉투 25x32,25.0,32.0,102.0,350.0,5300.0,🟢 수집,미포함,판매중,https://www.boxmall.net/product/product_view.php?query=view&code=000038&no=430,천미리,23:14:54
2026-06-18,박스몰,에어캡봉투 25x35,25.0,35.0,105.0,320.0,5300.0,🟢 수집,미포함,판매중,https://www.boxmall.net/product/product_view.php?query=view&code=000038&no=2693,천미리,23:14:54
2026-06-18,비닐닷컴,에어캡봉투/비접착/200*300/200매,20.0,30.0,103.2,200.0,0.0,🟢 수집,포함,판매중,https://xn--ij1bycz62bkyq.com/product/detail.html?product_no=393&cate_no=105&display_group=1,오백미리,23:14:54
2026-06-18,비닐닷컴,에어캡봉투/비접착/250*300/200매,25.0,30.0,129.7,200.0,0.0,🟢 수집,포함,판매중,https://xn--ij1bycz62bkyq.com/product/detail.html?product_no=395&cate_no=105&display_group=1,천미리,23:14:54
2026-06-18,포장몰,에어캡봉투 180x280 300매-BG18,18.0,28.0,138.33333333333334,300.0,0.0,🟢 수집,미포함,판매중,https://pojangmall.co.kr/product/에어캡봉투-180x280-300매-bg18/949/category/75/display/1/,오백미리,23:14:54
2026-06-18,포장몰,에어캡봉투 240x340 200매-BG24,24.0,34.0,209.0,200.0,0.0,🟢 수집,미포함,판매중,https://pojangmall.co.kr/product/에어캡봉투-240x340-200매-bg24/950/category/75/display/1/,천미리,23:14:54
2026-06-18,달인 패키지,에어캡봉투 25*25,25.0,25.0,88.0,5000.0,65000.0,🟢 수집,미포함,판매중,https://dalinweb.cafe24.com/shop/item.php?it_id=1703025293&opidx=10,범용,23:14:54
2026-06-19,달인 패키지,에어캡봉투 20*30,20.0,30.0,60.0,5000.0,65000.0,🟢 수집,미포함,판매중,https://dalinweb.cafe24.com/shop/item.php?it_id=1703025293&opidx=8,오백미리,22:58:09
2026-06-19,달인 패키지,에어캡봉투 25*35,25.0,35.0,108.0,4500.0,65000.0,🟢 수집,미포함,판매중,https://dalinweb.cafe24.com/shop/item.php?it_id=1703025293&opidx=11,천미리,22:58:09
2026-06-19,박스몰,에어캡봉투 20x30,20.0,30.0,86.0,440.0,5300.0,🟢 수집,미포함,판매중,https://www.boxmall.net/product/product_view.php?query=view&code=000038&no=427,오백미리,22:58:09
2026-06-19,박스몰,에어캡봉투 25x32,25.0,32.0,102.0,350.0,5300.0,🟢 수집,미포함,판매중,https://www.boxmall.net/product/product_view.php?query=view&code=000038&no=430,천미리,22:58:09
2026-06-19,박스몰,에어캡봉투 25x35,25.0,35.0,105.0,320.0,5300.0,🟢 수집,미포함,판매중,https://www.boxmall.net/product/product_view.php?query=view&code=000038&no=2693,천미리,22:58:09
2026-06-19,비닐닷컴,에어캡봉투/비접착/200*300/200매,20.0,30.0,103.2,200.0,0.0,🟢 수집,포함,판매중,https://xn--ij1bycz62bkyq.com/product/detail.html?product_no=393&cate_no=105&display_group=1,오백미리,22:58:09
2026-06-19,비닐닷컴,에어캡봉투/비접착/250*300/200매,25.0,30.0,129.7,200.0,0.0,🟢 수집,포함,판매중,https://xn--ij1bycz62bkyq.com/product/detail.html?product_no=395&cate_no=105&display_group=1,천미리,22:58:09
2026-06-19,포장몰,에어캡봉투 180x280 300매-BG18,18.0,28.0,138.33333333333334,300.0,0.0,🟢 수집,미포함,판매중,https://pojangmall.co.kr/product/에어캡봉투-180x280-300매-bg18/949/category/75/display/1/,오백미리,22:58:09
2026-06-19,포장몰,에어캡봉투 240x340 200매-BG24,24.0,34.0,209.0,200.0,0.0,🟢 수집,미포함,판매중,https://pojangmall.co.kr/product/에어캡봉투-240x340-200매-bg24/950/category/75/display/1/,천미리,22:58:09
2026-06-19,달인 패키지,에어캡봉투 25*25,25.0,25.0,88.0,5000.0,65000.0,🟢 수집,미포함,판매중,https://dalinweb.cafe24.com/shop/item.php?it_id=1703025293&opidx=10,범용,22:58:09
2026-06-20,달인 패키지,에어캡봉투 20*30,20.0,30.0,60.0,5000.0,65000.0,🟢 수집,미포함,판매중,https://dalinweb.cafe24.com/shop/item.php?it_id=1703025293&opidx=8,오백미리,23:41:31
2026-06-20,달인 패키지,에어캡봉투 25*35,25.0,35.0,108.0,4500.0,65000.0,🟢 수집,미포함,판매중,https://dalinweb.cafe24.com/shop/item.php?it_id=1703025293&opidx=11,천미리,23:41:31
2026-06-20,박스몰,에어캡봉투 20x30,20.0,30.0,86.0,440.0,5300.0,🟢 수집,미포함,판매중,https://www.boxmall.net/product/product_view.php?query=view&code=000038&no=427,오백미리,23:41:31
2026-06-20,박스몰,에어캡봉투 25x32,25.0,32.0,102.0,350.0,5300.0,🟢 수집,미포함,판매중,https://www.boxmall.net/product/product_view.php?query=view&code=000038&no=430,천미리,23:41:31
2026-06-20,박스몰,에어캡봉투 25x35,25.0,35.0,105.0,320.0,5300.0,🟢 수집,미포함,판매중,https://www.boxmall.net/product/product_view.php?query=view&code=000038&no=2693,천미리,23:41:31
2026-06-20,비닐닷컴,에어캡봉투/비접착/200*300/200매,20.0,30.0,103.2,200.0,0.0,🟢 수집,포함,판매중,https://xn--ij1bycz62bkyq.com/product/detail.html?product_no=393&cate_no=105&display_group=1,오백미리,23:41:31
2026-06-20,비닐닷컴,에어캡봉투/비접착/250*300/200매,25.0,30.0,129.7,200.0,0.0,🟢 수집,포함,판매중,https://xn--ij1bycz62bkyq.com/product/detail.html?product_no=395&cate_no=105&display_group=1,천미리,23:41:31
2026-06-20,포장몰,에어캡봉투 180x280 300매-BG18,18.0,28.0,138.33333333333334,300.0,0.0,🟢 수집,미포함,판매중,https://pojangmall.co.kr/product/에어캡봉투-180x280-300매-bg18/949/category/75/display/1/,오백미리,23:41:31
2026-06-20,포장몰,에어캡봉투 240x340 200매-BG24,24.0,34.0,209.0,200.0,0.0,🟢 수집,미포함,판매중,https://pojangmall.co.kr/product/에어캡봉투-240x340-200매-bg24/950/category/75/display/1/,천미리,23:41:31
2026-06-20,달인 패키지,에어캡봉투 25*25,25.0,25.0,88.0,5000.0,65000.0,🟢 수집,미포함,판매중,https://dalinweb.cafe24.com/shop/item.php?it_id=1703025293&opidx=10,범용,23:41:31
2026-06-21,달인 패키지,에어캡봉투 20*30,20.0,30.0,60.0,5000.0,65000.0,🟢 수집,미포함,판매중,https://dalinweb.cafe24.com/shop/item.php?it_id=1703025293&opidx=8,오백미리,23:02:25
2026-06-21,달인 패키지,에어캡봉투 25*35,25.0,35.0,108.0,4500.0,65000.0,🟢 수집,미포함,판매중,https://dalinweb.cafe24.com/shop/item.php?it_id=1703025293&opidx=11,천미리,23:02:25
2026-06-21,박스몰,에어캡봉투 20x30,20.0,30.0,86.0,440.0,5300.0,🟢 수집,미포함,판매중,https://www.boxmall.net/product/product_view.php?query=view&code=000038&no=427,오백미리,23:02:25
2026-06-21,박스몰,에어캡봉투 25x32,25.0,32.0,102.0,350.0,5300.0,🟢 수집,미포함,판매중,https://www.boxmall.net/product/product_view.php?query=view&code=000038&no=430,천미리,23:02:25
2026-06-21,박스몰,에어캡봉투 25x35,25.0,35.0,105.0,320.0,5300.0,🟢 수집,미포함,판매중,https://www.boxmall.net/product/product_view.php?query=view&code=000038&no=2693,천미리,23:02:25
2026-06-21,비닐닷컴,에어캡봉투/비접착/200*300/200매,20.0,30.0,103.2,200.0,0.0,🟢 수집,포함,판매중,https://xn--ij1bycz62bkyq.com/product/detail.html?product_no=393&cate_no=105&display_group=1,오백미리,23:02:25
2026-06-21,비닐닷컴,에어캡봉투/비접착/250*300/200매,25.0,30.0,129.7,200.0,0.0,🟢 수집,포함,판매중,https://xn--ij1bycz62bkyq.com/product/detail.html?product_no=395&cate_no=105&display_group=1,천미리,23:02:25
2026-06-21,포장몰,에어캡봉투 180x280 300매-BG18,18.0,28.0,138.33333333333334,300.0,0.0,🟢 수집,미포함,판매중,https://pojangmall.co.kr/product/에어캡봉투-180x280-300매-bg18/949/category/75/display/1/,오백미리,23:02:25
2026-06-21,포장몰,에어캡봉투 240x340 200매-BG24,24.0,34.0,209.0,200.0,0.0,🟢 수집,미포함,판매중,https://pojangmall.co.kr/product/에어캡봉투-240x340-200매-bg24/950/category/75/display/1/,천미리,23:02:25
2026-06-21,달인 패키지,에어캡봉투 25*25,25.0,25.0,88.0,5000.0,65000.0,🟢 수집,미포함,판매중,https://dalinweb.cafe24.com/shop/item.php?it_id=1703025293&opidx=10,범용,23:02:25
2026-06-22,달인 패키지,에어캡봉투 20*30,20.0,30.0,60.0,5000.0,65000.0,🟢 수집,미포함,판매중,https://dalinweb.cafe24.com/shop/item.php?it_id=1703025293&opidx=8,오백미리,22:42:26
2026-06-22,달인 패키지,에어캡봉투 25*35,25.0,35.0,108.0,4500.0,65000.0,🟢 수집,미포함,판매중,https://dalinweb.cafe24.com/shop/item.php?it_id=1703025293&opidx=11,천미리,22:42:26
2026-06-22,박스몰,에어캡봉투 20x30,20.0,30.0,86.0,440.0,5300.0,🟢 수집,미포함,판매중,https://www.boxmall.net/product/product_view.php?query=view&code=000038&no=427,오백미리,22:42:26
2026-06-22,박스몰,에어캡봉투 25x32,25.0,32.0,102.0,350.0,5300.0,🟢 수집,미포함,판매중,https://www.boxmall.net/product/product_view.php?query=view&code=000038&no=430,천미리,22:42:26
2026-06-22,박스몰,에어캡봉투 25x35,25.0,35.0,105.0,320.0,5300.0,🟢 수집,미포함,판매중,https://www.boxmall.net/product/product_view.php?query=view&code=000038&no=2693,천미리,22:42:26
2026-06-22,비닐닷컴,에어캡봉투/비접착/200*300/200매,20.0,30.0,103.2,200.0,0.0,🟢 수집,포함,판매중,https://xn--ij1bycz62bkyq.com/product/detail.html?product_no=393&cate_no=105&display_group=1,오백미리,22:42:26
2026-06-22,비닐닷컴,에어캡봉투/비접착/250*300/200매,25.0,30.0,129.7,200.0,0.0,🟢 수집,포함,판매중,https://xn--ij1bycz62bkyq.com/product/detail.html?product_no=395&cate_no=105&display_group=1,천미리,22:42:26
2026-06-22,포장몰,에어캡봉투 180x280 300매-BG18,18.0,28.0,138.33333333333334,300.0,0.0,🟢 수집,미포함,판매중,https://pojangmall.co.kr/product/에어캡봉투-180x280-300매-bg18/949/category/75/display/1/,오백미리,22:42:26
2026-06-22,포장몰,에어캡봉투 240x340 200매-BG24,24.0,34.0,209.0,200.0,0.0,🟢 수집,미포함,판매중,https://pojangmall.co.kr/product/에어캡봉투-240x340-200매-bg24/950/category/75/display/1/,천미리,22:42:26
2026-06-22,달인 패키지,에어캡봉투 25*25,25.0,25.0,88.0,5000.0,65000.0,🟢 수집,미포함,판매중,https://dalinweb.cafe24.com/shop/item.php?it_id=1703025293&opidx=10,범용,22:42:26
2026-06-23,달인 패키지,에어캡봉투 20*30,20.0,30.0,60.0,5000.0,65000.0,🟢 수집,미포함,판매중,https://dalinweb.cafe24.com/shop/item.php?it_id=1703025293&opidx=8,오백미리,23:49:23
2026-06-23,달인 패키지,에어캡봉투 25*35,25.0,35.0,108.0,4500.0,65000.0,🟢 수집,미포함,판매중,https://dalinweb.cafe24.com/shop/item.php?it_id=1703025293&opidx=11,천미리,23:49:23
2026-06-23,박스몰,에어캡봉투 20x30,20.0,30.0,86.0,440.0,5300.0,🟢 수집,미포함,판매중,https://www.boxmall.net/product/product_view.php?query=view&code=000038&no=427,오백미리,23:49:23
2026-06-23,박스몰,에어캡봉투 25x32,25.0,32.0,102.0,350.0,5300.0,🟢 수집,미포함,판매중,https://www.boxmall.net/product/product_view.php?query=view&code=000038&no=430,천미리,23:49:23
2026-06-23,박스몰,에어캡봉투 25x35,25.0,35.0,105.0,320.0,5300.0,🟢 수집,미포함,판매중,https://www.boxmall.net/product/product_view.php?query=view&code=000038&no=2693,천미리,23:49:23
2026-06-23,비닐닷컴,에어캡봉투/비접착/200*300/200매,20.0,30.0,103.2,200.0,0.0,🟢 수집,포함,판매중,https://xn--ij1bycz62bkyq.com/product/detail.html?product_no=393&cate_no=105&display_group=1,오백미리,23:49:23
2026-06-23,비닐닷컴,에어캡봉투/비접착/250*300/200매,25.0,30.0,129.7,200.0,0.0,🟢 수집,포함,판매중,https://xn--ij1bycz62bkyq.com/product/detail.html?product_no=395&cate_no=105&display_group=1,천미리,23:49:23
2026-06-23,포장몰,에어캡봉투 180x280 300매-BG18,18.0,28.0,138.33333333333334,300.0,0.0,🟢 수집,미포함,판매중,https://pojangmall.co.kr/product/에어캡봉투-180x280-300매-bg18/949/category/75/display/1/,오백미리,23:49:23
2026-06-23,포장몰,에어캡봉투 240x340 200매-BG24,24.0,34.0,209.0,200.0,0.0,🟢 수집,미포함,판매중,https://pojangmall.co.kr/product/에어캡봉투-240x340-200매-bg24/950/category/75/display/1/,천미리,23:49:23
2026-06-23,달인 패키지,에어캡봉투 25*25,25.0,25.0,88.0,5000.0,65000.0,🟢 수집,미포함,판매중,https://dalinweb.cafe24.com/shop/item.php?it_id=1703025293&opidx=10,범용,23:49:23
2026-06-24,달인 패키지,에어캡봉투 20*30,20.0,30.0,60.0,5000.0,65000.0,🟢 수집,미포함,판매중,https://dalinweb.cafe24.com/shop/item.php?it_id=1703025293&opidx=8,오백미리,22:44:08
2026-06-24,달인 패키지,에어캡봉투 25*35,25.0,35.0,108.0,4500.0,65000.0,🟢 수집,미포함,판매중,https://dalinweb.cafe24.com/shop/item.php?it_id=1703025293&opidx=11,천미리,22:44:08
2026-06-24,박스몰,에어캡봉투 20x30,20.0,30.0,86.0,440.0,5300.0,🟢 수집,미포함,판매중,https://www.boxmall.net/product/product_view.php?query=view&code=000038&no=427,오백미리,22:44:08
2026-06-24,박스몰,에어캡봉투 25x32,25.0,32.0,102.0,350.0,5300.0,🟢 수집,미포함,판매중,https://www.boxmall.net/product/product_view.php?query=view&code=000038&no=430,천미리,22:44:08
2026-06-24,박스몰,에어캡봉투 25x35,25.0,35.0,105.0,320.0,5300.0,🟢 수집,미포함,판매중,https://www.boxmall.net/product/product_view.php?query=view&code=000038&no=2693,천미리,22:44:08
2026-06-24,비닐닷컴,에어캡봉투/비접착/200*300/200매,20.0,30.0,103.2,200.0,0.0,🟢 수집,포함,판매중,https://xn--ij1bycz62bkyq.com/product/detail.html?product_no=393&cate_no=105&display_group=1,오백미리,22:44:08
2026-06-24,비닐닷컴,에어캡봉투/비접착/250*300/200매,25.0,30.0,129.7,200.0,0.0,🟢 수집,포함,판매중,https://xn--ij1bycz62bkyq.com/product/detail.html?product_no=395&cate_no=105&display_group=1,천미리,22:44:08
2026-06-24,포장몰,에어캡봉투 180x280 300매-BG18,18.0,28.0,138.33333333333334,300.0,0.0,🟢 수집,미포함,판매중,https://pojangmall.co.kr/product/에어캡봉투-180x280-300매-bg18/949/category/75/display/1/,오백미리,22:44:08
2026-06-24,포장몰,에어캡봉투 240x340 200매-BG24,24.0,34.0,209.0,200.0,0.0,🟢 수집,미포함,판매중,https://pojangmall.co.kr/product/에어캡봉투-240x340-200매-bg24/950/category/75/display/1/,천미리,22:44:08
2026-06-24,달인 패키지,에어캡봉투 25*25,25.0,25.0,88.0,5000.0,65000.0,🟢 수집,미포함,판매중,https://dalinweb.cafe24.com/shop/item.php?it_id=1703025293&opidx=10,범용,22:44:08
2026-06-25,달인 패키지,에어캡봉투 20*30,20.0,30.0,60.0,5000.0,65000.0,🟢 수집,미포함,판매중,https://dalinweb.cafe24.com/shop/item.php?it_id=1703025293&opidx=8,오백미리,23:49:46
2026-06-25,달인 패키지,에어캡봉투 25*35,25.0,35.0,108.0,4500.0,65000.0,🟢 수집,미포함,판매중,https://dalinweb.cafe24.com/shop/item.php?it_id=1703025293&opidx=11,천미리,23:49:46
2026-06-25,박스몰,에어캡봉투 20x30,20.0,30.0,86.0,440.0,5300.0,🟢 수집,미포함,판매중,https://www.boxmall.net/product/product_view.php?query=view&code=000038&no=427,오백미리,23:49:46
2026-06-25,박스몰,에어캡봉투 25x32,25.0,32.0,102.0,350.0,5300.0,🟢 수집,미포함,판매중,https://www.boxmall.net/product/product_view.php?query=view&code=000038&no=430,천미리,23:49:46
2026-06-25,박스몰,에어캡봉투 25x35,25.0,35.0,105.0,320.0,5300.0,🟢 수집,미포함,판매중,https://www.boxmall.net/product/product_view.php?query=view&code=000038&no=2693,천미리,23:49:46
2026-06-25,비닐닷컴,에어캡봉투/비접착/200*300/200매,20.0,30.0,103.2,200.0,0.0,🟢 수집,포함,판매중,https://xn--ij1bycz62bkyq.com/product/detail.html?product_no=393&cate_no=105&display_group=1,오백미리,23:49:46
2026-06-25,비닐닷컴,에어캡봉투/비접착/250*300/200매,25.0,30.0,129.7,200.0,0.0,🟢 수집,포함,판매중,https://xn--ij1bycz62bkyq.com/product/detail.html?product_no=395&cate_no=105&display_group=1,천미리,23:49:46
2026-06-25,포장몰,에어캡봉투 180x280 300매-BG18,18.0,28.0,138.33333333333334,300.0,0.0,🟢 수집,미포함,판매중,https://pojangmall.co.kr/product/에어캡봉투-180x280-300매-bg18/949/category/75/display/1/,오백미리,23:49:46
2026-06-25,포장몰,에어캡봉투 240x340 200매-BG24,24.0,34.0,209.0,200.0,0.0,🟢 수집,미포함,판매중,https://pojangmall.co.kr/product/에어캡봉투-240x340-200매-bg24/950/category/75/display/1/,천미리,23:49:46
2026-06-25,달인 패키지,에어캡봉투 25*25,25.0,25.0,88.0,5000.0,65000.0,🟢 수집,미포함,판매중,https://dalinweb.cafe24.com/shop/item.php?it_id=1703025293&opidx=10,범용,23:49:46
2026-06-26,달인 패키지,에어캡봉투 20*30,20.0,30.0,60.0,5000.0,65000.0,🟢 수집,미포함,판매중,https://dalinweb.cafe24.com/shop/item.php?it_id=1703025293&opidx=8,오백미리,23:56:56
2026-06-26,달인 패키지,에어캡봉투 25*35,25.0,35.0,108.0,4500.0,65000.0,🟢 수집,미포함,판매중,https://dalinweb.cafe24.com/shop/item.php?it_id=1703025293&opidx=11,천미리,23:56:56
2026-06-26,박스몰,에어캡봉투 20x30,20.0,30.0,86.0,440.0,5300.0,🟢 수집,미포함,판매중,https://www.boxmall.net/product/product_view.php?query=view&code=000038&no=427,오백미리,23:56:56
2026-06-26,박스몰,에어캡봉투 25x32,25.0,32.0,102.0,350.0,5300.0,🟢 수집,미포함,판매중,https://www.boxmall.net/product/product_view.php?query=view&code=000038&no=430,천미리,23:56:56
2026-06-26,박스몰,에어캡봉투 25x35,25.0,35.0,105.0,320.0,5300.0,🟢 수집,미포함,판매중,https://www.boxmall.net/product/product_view.php?query=view&code=000038&no=2693,천미리,23:56:56
2026-06-26,비닐닷컴,에어캡봉투/비접착/200*300/200매,20.0,30.0,103.2,200.0,0.0,🟢 수집,포함,판매중,https://xn--ij1bycz62bkyq.com/product/detail.html?product_no=393&cate_no=105&display_group=1,오백미리,23:56:56
2026-06-26,비닐닷컴,에어캡봉투/비접착/250*300/200매,25.0,30.0,129.7,200.0,0.0,🟢 수집,포함,판매중,https://xn--ij1bycz62bkyq.com/product/detail.html?product_no=395&cate_no=105&display_group=1,천미리,23:56:56
2026-06-26,포장몰,에어캡봉투 180x280 300매-BG18,18.0,28.0,138.33333333333334,300.0,0.0,🟢 수집,미포함,판매중,https://pojangmall.co.kr/product/에어캡봉투-180x280-300매-bg18/949/category/75/display/1/,오백미리,23:56:56
2026-06-26,포장몰,에어캡봉투 240x340 200매-BG24,24.0,34.0,209.0,200.0,0.0,🟢 수집,미포함,판매중,https://pojangmall.co.kr/product/에어캡봉투-240x340-200매-bg24/950/category/75/display/1/,천미리,23:56:56
2026-06-26,달인 패키지,에어캡봉투 25*25,25.0,25.0,88.0,5000.0,65000.0,🟢 수집,미포함,판매중,https://dalinweb.cafe24.com/shop/item.php?it_id=1703025293&opidx=10,범용,23:56:56
2026-06-27,달인 패키지,에어캡봉투 20*30,20.0,30.0,60.0,5000.0,65000.0,🟢 수집,미포함,판매중,https://dalinweb.cafe24.com/shop/item.php?it_id=1703025293&opidx=8,오백미리,22:58:22
2026-06-27,달인 패키지,에어캡봉투 25*35,25.0,35.0,108.0,4500.0,65000.0,🟢 수집,미포함,판매중,https://dalinweb.cafe24.com/shop/item.php?it_id=1703025293&opidx=11,천미리,22:58:22
2026-06-27,박스몰,에어캡봉투 20x30,20.0,30.0,86.0,440.0,5300.0,🟢 수집,미포함,판매중,https://www.boxmall.net/product/product_view.php?query=view&code=000038&no=427,오백미리,22:58:22
2026-06-27,박스몰,에어캡봉투 25x32,25.0,32.0,102.0,350.0,5300.0,🟢 수집,미포함,판매중,https://www.boxmall.net/product/product_view.php?query=view&code=000038&no=430,천미리,22:58:22
2026-06-27,박스몰,에어캡봉투 25x35,25.0,35.0,105.0,320.0,5300.0,🟢 수집,미포함,판매중,https://www.boxmall.net/product/product_view.php?query=view&code=000038&no=2693,천미리,22:58:22
2026-06-27,비닐닷컴,에어캡봉투/비접착/200*300/200매,20.0,30.0,103.2,200.0,0.0,🟢 수집,포함,판매중,https://xn--ij1bycz62bkyq.com/product/detail.html?product_no=393&cate_no=105&display_group=1,오백미리,22:58:22
2026-06-27,비닐닷컴,에어캡봉투/비접착/250*300/200매,25.0,30.0,129.7,200.0,0.0,🟢 수집,포함,판매중,https://xn--ij1bycz62bkyq.com/product/detail.html?product_no=395&cate_no=105&display_group=1,천미리,22:58:22
2026-06-27,포장몰,에어캡봉투 180x280 300매-BG18,18.0,28.0,138.33333333333334,300.0,0.0,🟢 수집,미포함,판매중,https://pojangmall.co.kr/product/에어캡봉투-180x280-300매-bg18/949/category/75/display/1/,오백미리,22:58:22
2026-06-27,포장몰,에어캡봉투 240x340 200매-BG24,24.0,34.0,209.0,200.0,0.0,🟢 수집,미포함,판매중,https://pojangmall.co.kr/product/에어캡봉투-240x340-200매-bg24/950/category/75/display/1/,천미리,22:58:22
2026-06-27,달인 패키지,에어캡봉투 25*25,25.0,25.0,88.0,5000.0,65000.0,🟢 수집,미포함,판매중,https://dalinweb.cafe24.com/shop/item.php?it_id=1703025293&opidx=10,범용,22:58:22
2026-06-28,달인 패키지,에어캡봉투 20*30,20.0,30.0,60.0,5000.0,65000.0,🟢 수집,미포함,판매중,https://dalinweb.cafe24.com/shop/item.php?it_id=1703025293&opidx=8,오백미리,22:56:38
2026-06-28,달인 패키지,에어캡봉투 25*35,25.0,35.0,108.0,4500.0,65000.0,🟢 수집,미포함,판매중,https://dalinweb.cafe24.com/shop/item.php?it_id=1703025293&opidx=11,천미리,22:56:38
2026-06-28,박스몰,에어캡봉투 20x30,20.0,30.0,86.0,440.0,5300.0,🟢 수집,미포함,판매중,https://www.boxmall.net/product/product_view.php?query=view&code=000038&no=427,오백미리,22:56:38
2026-06-28,박스몰,에어캡봉투 25x32,25.0,32.0,102.0,350.0,5300.0,🟢 수집,미포함,판매중,https://www.boxmall.net/product/product_view.php?query=view&code=000038&no=430,천미리,22:56:38
2026-06-28,박스몰,에어캡봉투 25x35,25.0,35.0,105.0,320.0,5300.0,🟢 수집,미포함,판매중,https://www.boxmall.net/product/product_view.php?query=view&code=000038&no=2693,천미리,22:56:38
2026-06-28,비닐닷컴,에어캡봉투/비접착/200*300/200매,20.0,30.0,103.2,200.0,0.0,🟢 수집,포함,판매중,https://xn--ij1bycz62bkyq.com/product/detail.html?product_no=393&cate_no=105&display_group=1,오백미리,22:56:38
2026-06-28,비닐닷컴,에어캡봉투/비접착/250*300/200매,25.0,30.0,129.7,200.0,0.0,🟢 수집,포함,판매중,https://xn--ij1bycz62bkyq.com/product/detail.html?product_no=395&cate_no=105&display_group=1,천미리,22:56:38
2026-06-28,포장몰,에어캡봉투 180x280 300매-BG18,18.0,28.0,138.33333333333334,300.0,0.0,🟢 수집,미포함,판매중,https://pojangmall.co.kr/product/에어캡봉투-180x280-300매-bg18/949/category/75/display/1/,오백미리,22:56:38
2026-06-28,포장몰,에어캡봉투 240x340 200매-BG24,24.0,34.0,209.0,200.0,0.0,🟢 수집,미포함,판매중,https://pojangmall.co.kr/product/에어캡봉투-240x340-200매-bg24/950/category/75/display/1/,천미리,22:56:38
2026-06-28,달인 패키지,에어캡봉투 25*25,25.0,25.0,88.0,5000.0,65000.0,🟢 수집,미포함,판매중,https://dalinweb.cafe24.com/shop/item.php?it_id=1703025293&opidx=10,범용,22:56:38
2026-06-29,달인 패키지,에어캡봉투 20*30,20.0,30.0,60.0,5000.0,65000.0,🟢 수집,미포함,판매중,https://dalinweb.cafe24.com/shop/item.php?it_id=1703025293&opidx=8,오백미리,23:55:46
2026-06-29,달인 패키지,에어캡봉투 25*35,25.0,35.0,108.0,4500.0,65000.0,🟢 수집,미포함,판매중,https://dalinweb.cafe24.com/shop/item.php?it_id=1703025293&opidx=11,천미리,23:55:46
2026-06-29,박스몰,에어캡봉투 20x30,20.0,30.0,86.0,440.0,5300.0,🟢 수집,미포함,판매중,https://www.boxmall.net/product/product_view.php?query=view&code=000038&no=427,오백미리,23:55:46
2026-06-29,박스몰,에어캡봉투 25x32,25.0,32.0,102.0,350.0,5300.0,🟢 수집,미포함,판매중,https://www.boxmall.net/product/product_view.php?query=view&code=000038&no=430,천미리,23:55:46
2026-06-29,박스몰,에어캡봉투 25x35,25.0,35.0,105.0,320.0,5300.0,🟢 수집,미포함,판매중,https://www.boxmall.net/product/product_view.php?query=view&code=000038&no=2693,천미리,23:55:46
2026-06-29,비닐닷컴,에어캡봉투/비접착/200*300/200매,20.0,30.0,103.2,200.0,0.0,🟢 수집,포함,판매중,https://xn--ij1bycz62bkyq.com/product/detail.html?product_no=393&cate_no=105&display_group=1,오백미리,23:55:46
2026-06-29,비닐닷컴,에어캡봉투/비접착/250*300/200매,25.0,30.0,129.7,200.0,0.0,🟢 수집,포함,판매중,https://xn--ij1bycz62bkyq.com/product/detail.html?product_no=395&cate_no=105&display_group=1,천미리,23:55:46
2026-06-29,포장몰,에어캡봉투 180x280 300매-BG18,18.0,28.0,138.33333333333334,300.0,0.0,🟢 수집,미포함,판매중,https://pojangmall.co.kr/product/에어캡봉투-180x280-300매-bg18/949/category/75/display/1/,오백미리,23:55:46
2026-06-29,포장몰,에어캡봉투 240x340 200매-BG24,24.0,34.0,209.0,200.0,0.0,🟢 수집,미포함,판매중,https://pojangmall.co.kr/product/에어캡봉투-240x340-200매-bg24/950/category/75/display/1/,천미리,23:55:46
2026-06-29,달인 패키지,에어캡봉투 25*25,25.0,25.0,88.0,5000.0,65000.0,🟢 수집,미포함,판매중,https://dalinweb.cafe24.com/shop/item.php?it_id=1703025293&opidx=10,범용,23:55:46
2026-06-30,달인 패키지,에어캡봉투 20*30,20.0,30.0,60.0,5000.0,65000.0,🟢 수집,미포함,판매중,https://dalinweb.cafe24.com/shop/item.php?it_id=1703025293&opidx=8,오백미리,23:59:45
2026-06-30,달인 패키지,에어캡봉투 25*35,25.0,35.0,108.0,4500.0,65000.0,🟢 수집,미포함,판매중,https://dalinweb.cafe24.com/shop/item.php?it_id=1703025293&opidx=11,천미리,23:59:45
2026-06-30,박스몰,에어캡봉투 20x30,20.0,30.0,86.0,440.0,5300.0,🟢 수집,미포함,판매중,https://www.boxmall.net/product/product_view.php?query=view&code=000038&no=427,오백미리,23:59:45
2026-06-30,박스몰,에어캡봉투 25x32,25.0,32.0,102.0,350.0,5300.0,🟢 수집,미포함,판매중,https://www.boxmall.net/product/product_view.php?query=view&code=000038&no=430,천미리,23:59:45
2026-06-30,박스몰,에어캡봉투 25x35,25.0,35.0,105.0,320.0,5300.0,🟢 수집,미포함,판매중,https://www.boxmall.net/product/product_view.php?query=view&code=000038&no=2693,천미리,23:59:45
2026-06-30,비닐닷컴,에어캡봉투/비접착/200*300/200매,20.0,30.0,103.2,200.0,0.0,🟢 수집,포함,판매중,https://xn--ij1bycz62bkyq.com/product/detail.html?product_no=393&cate_no=105&display_group=1,오백미리,23:59:45
2026-06-30,비닐닷컴,에어캡봉투/비접착/250*300/200매,25.0,30.0,129.7,200.0,0.0,🟢 수집,포함,판매중,https://xn--ij1bycz62bkyq.com/product/detail.html?product_no=395&cate_no=105&display_group=1,천미리,23:59:45
2026-06-30,포장몰,에어캡봉투 180x280 300매-BG18,18.0,28.0,138.33333333333334,300.0,0.0,🟢 수집,미포함,판매중,https://pojangmall.co.kr/product/에어캡봉투-180x280-300매-bg18/949/category/75/display/1/,오백미리,23:59:45
2026-06-30,포장몰,에어캡봉투 240x340 200매-BG24,24.0,34.0,209.0,200.0,0.0,🟢 수집,미포함,판매중,https://pojangmall.co.kr/product/에어캡봉투-240x340-200매-bg24/950/category/75/display/1/,천미리,23:59:45
2026-06-30,달인 패키지,에어캡봉투 25*25,25.0,25.0,88.0,5000.0,65000.0,🟢 수집,미포함,판매중,https://dalinweb.cafe24.com/shop/item.php?it_id=1703025293&opidx=10,범용,23:59:45
2026-07-01,달인 패키지,에어캡봉투 20*30,20.0,30.0,60.0,5000.0,65000.0,🟢 수집,미포함,판매중,https://dalinweb.cafe24.com/shop/item.php?it_id=1703025293&opidx=8,오백미리,23:49:55
2026-07-01,달인 패키지,에어캡봉투 25*35,25.0,35.0,108.0,4500.0,65000.0,🟢 수집,미포함,판매중,https://dalinweb.cafe24.com/shop/item.php?it_id=1703025293&opidx=11,천미리,23:49:55
2026-07-01,박스몰,에어캡봉투 20x30,20.0,30.0,86.0,440.0,5300.0,🟢 수집,미포함,판매중,https://www.boxmall.net/product/product_view.php?query=view&code=000038&no=427,오백미리,23:49:55
2026-07-01,박스몰,에어캡봉투 25x32,25.0,32.0,102.0,350.0,5300.0,🟢 수집,미포함,판매중,https://www.boxmall.net/product/product_view.php?query=view&code=000038&no=430,천미리,23:49:55
2026-07-01,박스몰,에어캡봉투 25x35,25.0,35.0,105.0,320.0,5300.0,🟢 수집,미포함,판매중,https://www.boxmall.net/product/product_view.php?query=view&code=000038&no=2693,천미리,23:49:55
2026-07-01,비닐닷컴,에어캡봉투/비접착/200*300/200매,20.0,30.0,103.2,200.0,0.0,🟢 수집,포함,판매중,https://xn--ij1bycz62bkyq.com/product/detail.html?product_no=393&cate_no=105&display_group=1,오백미리,23:49:55
2026-07-01,비닐닷컴,에어캡봉투/비접착/250*300/200매,25.0,30.0,129.7,200.0,0.0,🟢 수집,포함,판매중,https://xn--ij1bycz62bkyq.com/product/detail.html?product_no=395&cate_no=105&display_group=1,천미리,23:49:55
2026-07-01,포장몰,에어캡봉투 180x280 300매-BG18,18.0,28.0,138.33333333333334,300.0,0.0,🟢 수집,미포함,판매중,https://pojangmall.co.kr/product/에어캡봉투-180x280-300매-bg18/949/category/75/display/1/,오백미리,23:49:55
2026-07-01,포장몰,에어캡봉투 240x340 200매-BG24,24.0,34.0,209.0,200.0,0.0,🟢 수집,미포함,판매중,https://pojangmall.co.kr/product/에어캡봉투-240x340-200매-bg24/950/category/75/display/1/,천미리,23:49:55
2026-07-01,달인 패키지,에어캡봉투 25*25,25.0,25.0,88.0,5000.0,65000.0,🟢 수집,미포함,판매중,https://dalinweb.cafe24.com/shop/item.php?it_id=1703025293&opidx=10,범용,23:49:55
2026-07-02,달인 패키지,에어캡봉투 20*30,20.0,30.0,60.0,5000.0,65000.0,🟢 수집,미포함,판매중,https://dalinweb.cafe24.com/shop/item.php?it_id=1703025293&opidx=8,오백미리,23:56:49
2026-07-02,달인 패키지,에어캡봉투 25*35,25.0,35.0,108.0,4500.0,65000.0,🟢 수집,미포함,판매중,https://dalinweb.cafe24.com/shop/item.php?it_id=1703025293&opidx=11,천미리,23:56:49
2026-07-02,박스몰,에어캡봉투 20x30,20.0,30.0,86.0,440.0,5300.0,🟢 수집,미포함,판매중,https://www.boxmall.net/product/product_view.php?query=view&code=000038&no=427,오백미리,23:56:49
2026-07-02,박스몰,에어캡봉투 25x32,25.0,32.0,102.0,350.0,5300.0,🟢 수집,미포함,판매중,https://www.boxmall.net/product/product_view.php?query=view&code=000038&no=430,천미리,23:56:49
2026-07-02,박스몰,에어캡봉투 25x35,25.0,35.0,105.0,320.0,5300.0,🟢 수집,미포함,판매중,https://www.boxmall.net/product/product_view.php?query=view&code=000038&no=2693,천미리,23:56:49
2026-07-02,비닐닷컴,에어캡봉투/비접착/200*300/200매,20.0,30.0,103.2,200.0,0.0,🟢 수집,포함,판매중,https://xn--ij1bycz62bkyq.com/product/detail.html?product_no=393&cate_no=105&display_group=1,오백미리,23:56:49
2026-07-02,비닐닷컴,에어캡봉투/비접착/250*300/200매,25.0,30.0,129.7,200.0,0.0,🟢 수집,포함,판매중,https://xn--ij1bycz62bkyq.com/product/detail.html?product_no=395&cate_no=105&display_group=1,천미리,23:56:49
2026-07-02,포장몰,에어캡봉투 180x280 300매-BG18,18.0,28.0,138.33333333333334,300.0,0.0,🟢 수집,미포함,판매중,https://pojangmall.co.kr/product/에어캡봉투-180x280-300매-bg18/949/category/75/display/1/,오백미리,23:56:49
2026-07-02,포장몰,에어캡봉투 240x340 200매-BG24,24.0,34.0,209.0,200.0,0.0,🟢 수집,미포함,판매중,https://pojangmall.co.kr/product/에어캡봉투-240x340-200매-bg24/950/category/75/display/1/,천미리,23:56:49
2026-07-02,달인 패키지,에어캡봉투 25*25,25.0,25.0,88.0,5000.0,65000.0,🟢 수집,미포함,판매중,https://dalinweb.cafe24.com/shop/item.php?it_id=1703025293&opidx=10,범용,23:56:49
2026-07-03,달인 패키지,에어캡봉투 20*30,20.0,30.0,60.0,5000.0,65000.0,🟢 수집,미포함,판매중,https://dalinweb.cafe24.com/shop/item.php?it_id=1703025293&opidx=8,오백미리,23:04:30
2026-07-03,달인 패키지,에어캡봉투 25*35,25.0,35.0,108.0,4500.0,65000.0,🟢 수집,미포함,판매중,https://dalinweb.cafe24.com/shop/item.php?it_id=1703025293&opidx=11,천미리,23:04:30
2026-07-03,박스몰,에어캡봉투 20x30,20.0,30.0,86.0,440.0,5300.0,🟢 수집,미포함,판매중,https://www.boxmall.net/product/product_view.php?query=view&code=000038&no=427,오백미리,23:04:30
2026-07-03,박스몰,에어캡봉투 25x32,25.0,32.0,102.0,350.0,5300.0,🟢 수집,미포함,판매중,https://www.boxmall.net/product/product_view.php?query=view&code=000038&no=430,천미리,23:04:30
2026-07-03,박스몰,에어캡봉투 25x35,25.0,35.0,105.0,320.0,5300.0,🟢 수집,미포함,판매중,https://www.boxmall.net/product/product_view.php?query=view&code=000038&no=2693,천미리,23:04:30
2026-07-03,비닐닷컴,에어캡봉투/비접착/200*300/200매,20.0,30.0,103.2,200.0,0.0,🟢 수집,포함,판매중,https://xn--ij1bycz62bkyq.com/product/detail.html?product_no=393&cate_no=105&display_group=1,오백미리,23:04:30
2026-07-03,비닐닷컴,에어캡봉투/비접착/250*300/200매,25.0,30.0,129.7,200.0,0.0,🟢 수집,포함,판매중,https://xn--ij1bycz62bkyq.com/product/detail.html?product_no=395&cate_no=105&display_group=1,천미리,23:04:30
2026-07-03,포장몰,에어캡봉투 180x280 300매-BG18,18.0,28.0,138.33333333333334,300.0,0.0,🟢 수집,미포함,판매중,https://pojangmall.co.kr/product/에어캡봉투-180x280-300매-bg18/949/category/75/display/1/,오백미리,23:04:30
2026-07-03,포장몰,에어캡봉투 240x340 200매-BG24,24.0,34.0,209.0,200.0,0.0,🟢 수집,미포함,판매중,https://pojangmall.co.kr/product/에어캡봉투-240x340-200매-bg24/950/category/75/display/1/,천미리,23:04:30
2026-07-03,달인 패키지,에어캡봉투 25*25,25.0,25.0,88.0,5000.0,65000.0,🟢 수집,미포함,판매중,https://dalinweb.cafe24.com/shop/item.php?it_id=1703025293&opidx=10,범용,23:04:30
2026-07-04,달인 패키지,에어캡봉투 20*30,20.0,30.0,60.0,5000.0,65000.0,🟢 수집,미포함,판매중,https://dalinweb.cafe24.com/shop/item.php?it_id=1703025293&opidx=8,오백미리,23:29:13
2026-07-04,달인 패키지,에어캡봉투 25*35,25.0,35.0,108.0,4500.0,65000.0,🟢 수집,미포함,판매중,https://dalinweb.cafe24.com/shop/item.php?it_id=1703025293&opidx=11,천미리,23:29:13
2026-07-04,박스몰,에어캡봉투 20x30,20.0,30.0,86.0,440.0,5300.0,🟢 수집,미포함,판매중,https://www.boxmall.net/product/product_view.php?query=view&code=000038&no=427,오백미리,23:29:13
2026-07-04,박스몰,에어캡봉투 25x32,25.0,32.0,102.0,350.0,5300.0,🟢 수집,미포함,판매중,https://www.boxmall.net/product/product_view.php?query=view&code=000038&no=430,천미리,23:29:13
2026-07-04,박스몰,에어캡봉투 25x35,25.0,35.0,105.0,320.0,5300.0,🟢 수집,미포함,판매중,https://www.boxmall.net/product/product_view.php?query=view&code=000038&no=2693,천미리,23:29:13
2026-07-04,비닐닷컴,에어캡봉투/비접착/200*300/200매,20.0,30.0,103.2,200.0,0.0,🟢 수집,포함,판매중,https://xn--ij1bycz62bkyq.com/product/detail.html?product_no=393&cate_no=105&display_group=1,오백미리,23:29:13
2026-07-04,비닐닷컴,에어캡봉투/비접착/250*300/200매,25.0,30.0,129.7,200.0,0.0,🟢 수집,포함,판매중,https://xn--ij1bycz62bkyq.com/product/detail.html?product_no=395&cate_no=105&display_group=1,천미리,23:29:13
2026-07-04,포장몰,에어캡봉투 180x280 300매-BG18,18.0,28.0,138.33333333333334,300.0,0.0,🟢 수집,미포함,판매중,https://pojangmall.co.kr/product/에어캡봉투-180x280-300매-bg18/949/category/75/display/1/,오백미리,23:29:13
2026-07-04,포장몰,에어캡봉투 240x340 200매-BG24,24.0,34.0,209.0,200.0,0.0,🟢 수집,미포함,판매중,https://pojangmall.co.kr/product/에어캡봉투-240x340-200매-bg24/950/category/75/display/1/,천미리,23:29:13
2026-07-04,달인 패키지,에어캡봉투 25*25,25.0,25.0,88.0,5000.0,65000.0,🟢 수집,미포함,판매중,https://dalinweb.cafe24.com/shop/item.php?it_id=1703025293&opidx=10,범용,23:29:13
2026-07-05,달인 패키지,에어캡봉투 20*30,20.0,30.0,60.0,5000.0,65000.0,🟢 수집,미포함,판매중,https://dalinweb.cafe24.com/shop/item.php?it_id=1703025293&opidx=8,오백미리,23:59:07
2026-07-05,달인 패키지,에어캡봉투 25*35,25.0,35.0,108.0,4500.0,65000.0,🟢 수집,미포함,판매중,https://dalinweb.cafe24.com/shop/item.php?it_id=1703025293&opidx=11,천미리,23:59:07
2026-07-05,박스몰,에어캡봉투 20x30,20.0,30.0,86.0,440.0,5300.0,🟢 수집,미포함,판매중,https://www.boxmall.net/product/product_view.php?query=view&code=000038&no=427,오백미리,23:59:07
2026-07-05,박스몰,에어캡봉투 25x32,25.0,32.0,102.0,350.0,5300.0,🟢 수집,미포함,판매중,https://www.boxmall.net/product/product_view.php?query=view&code=000038&no=430,천미리,23:59:07
2026-07-05,박스몰,에어캡봉투 25x35,25.0,35.0,105.0,320.0,5300.0,🟢 수집,미포함,판매중,https://www.boxmall.net/product/product_view.php?query=view&code=000038&no=2693,천미리,23:59:07
2026-07-05,비닐닷컴,에어캡봉투/비접착/200*300/200매,20.0,30.0,103.2,200.0,0.0,🟢 수집,포함,판매중,https://xn--ij1bycz62bkyq.com/product/detail.html?product_no=393&cate_no=105&display_group=1,오백미리,23:59:07
2026-07-05,비닐닷컴,에어캡봉투/비접착/250*300/200매,25.0,30.0,129.7,200.0,0.0,🟢 수집,포함,판매중,https://xn--ij1bycz62bkyq.com/product/detail.html?product_no=395&cate_no=105&display_group=1,천미리,23:59:07
2026-07-05,포장몰,에어캡봉투 180x280 300매-BG18,18.0,28.0,138.33333333333334,300.0,0.0,🟢 수집,미포함,판매중,https://pojangmall.co.kr/product/에어캡봉투-180x280-300매-bg18/949/category/75/display/1/,오백미리,23:59:07
2026-07-05,포장몰,에어캡봉투 240x340 200매-BG24,24.0,34.0,209.0,200.0,0.0,🟢 수집,미포함,판매중,https://pojangmall.co.kr/product/에어캡봉투-240x340-200매-bg24/950/category/75/display/1/,천미리,23:59:07
2026-07-05,달인 패키지,에어캡봉투 25*25,25.0,25.0,88.0,5000.0,65000.0,🟢 수집,미포함,판매중,https://dalinweb.cafe24.com/shop/item.php?it_id=1703025293&opidx=10,범용,23:59:07
2026-07-06,달인 패키지,에어캡봉투 20*30,20.0,30.0,60.0,5000.0,65000.0,🟢 수집,미포함,판매중,https://dalinweb.cafe24.com/shop/item.php?it_id=1703025293&opidx=8,오백미리,22:59:22
2026-07-06,달인 패키지,에어캡봉투 25*35,25.0,35.0,108.0,4500.0,65000.0,🟢 수집,미포함,판매중,https://dalinweb.cafe24.com/shop/item.php?it_id=1703025293&opidx=11,천미리,22:59:22
2026-07-06,박스몰,에어캡봉투 20x30,20.0,30.0,86.0,440.0,5300.0,🟢 수집,미포함,판매중,https://www.boxmall.net/product/product_view.php?query=view&code=000038&no=427,오백미리,22:59:22
2026-07-06,박스몰,에어캡봉투 25x32,25.0,32.0,102.0,350.0,5300.0,🟢 수집,미포함,판매중,https://www.boxmall.net/product/product_view.php?query=view&code=000038&no=430,천미리,22:59:22
2026-07-06,박스몰,에어캡봉투 25x35,25.0,35.0,105.0,320.0,5300.0,🟢 수집,미포함,판매중,https://www.boxmall.net/product/product_view.php?query=view&code=000038&no=2693,천미리,22:59:22
2026-07-06,비닐닷컴,에어캡봉투/비접착/200*300/200매,20.0,30.0,103.2,200.0,0.0,🟢 수집,포함,판매중,https://xn--ij1bycz62bkyq.com/product/detail.html?product_no=393&cate_no=105&display_group=1,오백미리,22:59:22
2026-07-06,비닐닷컴,에어캡봉투/비접착/250*300/200매,25.0,30.0,129.7,200.0,0.0,🟢 수집,포함,판매중,https://xn--ij1bycz62bkyq.com/product/detail.html?product_no=395&cate_no=105&display_group=1,천미리,22:59:22
2026-07-06,포장몰,에어캡봉투 180x280 300매-BG18,18.0,28.0,138.33333333333334,300.0,0.0,🟢 수집,미포함,품절,https://pojangmall.co.kr/product/에어캡봉투-180x280-300매-bg18/949/category/75/display/1/,오백미리,22:59:22
2026-07-06,포장몰,에어캡봉투 240x340 200매-BG24,24.0,34.0,209.0,200.0,0.0,🟢 수집,미포함,판매중,https://pojangmall.co.kr/product/에어캡봉투-240x340-200매-bg24/950/category/75/display/1/,천미리,22:59:22
2026-07-06,달인 패키지,에어캡봉투 25*25,25.0,25.0,88.0,5000.0,65000.0,🟢 수집,미포함,판매중,https://dalinweb.cafe24.com/shop/item.php?it_id=1703025293&opidx=10,범용,22:59:22
2026-07-07,달인 패키지,에어캡봉투 20*30,20.0,30.0,60.0,5000.0,65000.0,🟢 수집,미포함,판매중,https://dalinweb.cafe24.com/shop/item.php?it_id=1703025293&opidx=8,오백미리,23:50:24
2026-07-07,달인 패키지,에어캡봉투 25*35,25.0,35.0,108.0,4500.0,65000.0,🟢 수집,미포함,판매중,https://dalinweb.cafe24.com/shop/item.php?it_id=1703025293&opidx=11,천미리,23:50:24
2026-07-07,박스몰,에어캡봉투 20x30,20.0,30.0,75.0,440.0,5300.0,🟢 수집,미포함,판매중,https://www.boxmall.net/product/product_view.php?query=view&code=000038&no=427,오백미리,23:50:24
2026-07-07,박스몰,에어캡봉투 25x32,25.0,32.0,88.0,350.0,5300.0,🟢 수집,미포함,판매중,https://www.boxmall.net/product/product_view.php?query=view&code=000038&no=430,천미리,23:50:24
2026-07-07,박스몰,에어캡봉투 25x35,25.0,35.0,92.0,320.0,5300.0,🟢 수집,미포함,판매중,https://www.boxmall.net/product/product_view.php?query=view&code=000038&no=2693,천미리,23:50:24
2026-07-07,비닐닷컴,에어캡봉투/비접착/200*300/200매,20.0,30.0,103.2,200.0,0.0,🟢 수집,포함,판매중,https://xn--ij1bycz62bkyq.com/product/detail.html?product_no=393&cate_no=105&display_group=1,오백미리,23:50:24
2026-07-07,비닐닷컴,에어캡봉투/비접착/250*300/200매,25.0,30.0,129.7,200.0,0.0,🟢 수집,포함,판매중,https://xn--ij1bycz62bkyq.com/product/detail.html?product_no=395&cate_no=105&display_group=1,천미리,23:50:24
2026-07-07,포장몰,에어캡봉투 180x280 300매-BG18,18.0,28.0,138.33333333333334,300.0,0.0,🟢 수집,미포함,품절,https://pojangmall.co.kr/product/에어캡봉투-180x280-300매-bg18/949/category/75/display/1/,오백미리,23:50:24
2026-07-07,포장몰,에어캡봉투 240x340 200매-BG24,24.0,34.0,209.0,200.0,0.0,🟢 수집,미포함,판매중,https://pojangmall.co.kr/product/에어캡봉투-240x340-200매-bg24/950/category/75/display/1/,천미리,23:50:24
2026-07-07,달인 패키지,에어캡봉투 25*25,25.0,25.0,88.0,5000.0,65000.0,🟢 수집,미포함,판매중,https://dalinweb.cafe24.com/shop/item.php?it_id=1703025293&opidx=10,범용,23:50:24
2026-07-08,달인 패키지,에어캡봉투 20*30,20.0,30.0,60.0,5000.0,65000.0,🟢 수집,미포함,판매중,https://dalinweb.cafe24.com/shop/item.php?it_id=1703025293&opidx=8,오백미리,23:10:06
2026-07-08,달인 패키지,에어캡봉투 25*35,25.0,35.0,108.0,4500.0,65000.0,🟢 수집,미포함,판매중,https://dalinweb.cafe24.com/shop/item.php?it_id=1703025293&opidx=11,천미리,23:10:06
2026-07-08,박스몰,에어캡봉투 20x30,20.0,30.0,75.0,440.0,5300.0,🟢 수집,미포함,판매중,https://www.boxmall.net/product/product_view.php?query=view&code=000038&no=427,오백미리,23:10:06
2026-07-08,박스몰,에어캡봉투 25x32,25.0,32.0,88.0,350.0,5300.0,🟢 수집,미포함,판매중,https://www.boxmall.net/product/product_view.php?query=view&code=000038&no=430,천미리,23:10:06
2026-07-08,박스몰,에어캡봉투 25x35,25.0,35.0,92.0,320.0,5300.0,🟢 수집,미포함,판매중,https://www.boxmall.net/product/product_view.php?query=view&code=000038&no=2693,천미리,23:10:06
2026-07-08,비닐닷컴,에어캡봉투/비접착/200*300/200매,20.0,30.0,103.2,200.0,0.0,🟢 수집,포함,판매중,https://xn--ij1bycz62bkyq.com/product/detail.html?product_no=393&cate_no=105&display_group=1,오백미리,23:10:06
2026-07-08,비닐닷컴,에어캡봉투/비접착/250*300/200매,25.0,30.0,129.7,200.0,0.0,🟢 수집,포함,판매중,https://xn--ij1bycz62bkyq.com/product/detail.html?product_no=395&cate_no=105&display_group=1,천미리,23:10:06
2026-07-08,포장몰,에어캡봉투 180x280 300매-BG18,18.0,28.0,138.33333333333334,300.0,0.0,🟢 수집,미포함,품절,https://pojangmall.co.kr/product/에어캡봉투-180x280-300매-bg18/949/category/75/display/1/,오백미리,23:10:06
2026-07-08,포장몰,에어캡봉투 240x340 200매-BG24,24.0,34.0,209.0,200.0,0.0,🟢 수집,미포함,판매중,https://pojangmall.co.kr/product/에어캡봉투-240x340-200매-bg24/950/category/75/display/1/,천미리,23:10:06
2026-07-08,달인 패키지,에어캡봉투 25*25,25.0,25.0,88.0,5000.0,65000.0,🟢 수집,미포함,판매중,https://dalinweb.cafe24.com/shop/item.php?it_id=1703025293&opidx=10,범용,23:10:06
2026-07-09,달인 패키지,에어캡봉투 20*30,20.0,30.0,60.0,5000.0,65000.0,🟢 수집,미포함,판매중,https://dalinweb.cafe24.com/shop/item.php?it_id=1703025293&opidx=8,오백미리,23:58:48
2026-07-09,달인 패키지,에어캡봉투 25*35,25.0,35.0,108.0,4500.0,65000.0,🟢 수집,미포함,판매중,https://dalinweb.cafe24.com/shop/item.php?it_id=1703025293&opidx=11,천미리,23:58:48
2026-07-09,박스몰,에어캡봉투 20x30,20.0,30.0,75.0,440.0,5300.0,🟢 수집,미포함,판매중,https://www.boxmall.net/product/product_view.php?query=view&code=000038&no=427,오백미리,23:58:48
2026-07-09,박스몰,에어캡봉투 25x32,25.0,32.0,88.0,350.0,5300.0,🟢 수집,미포함,판매중,https://www.boxmall.net/product/product_view.php?query=view&code=000038&no=430,천미리,23:58:48
2026-07-09,박스몰,에어캡봉투 25x35,25.0,35.0,92.0,320.0,5300.0,🟢 수집,미포함,판매중,https://www.boxmall.net/product/product_view.php?query=view&code=000038&no=2693,천미리,23:58:48
2026-07-09,비닐닷컴,에어캡봉투/비접착/200*300/200매,20.0,30.0,103.2,200.0,0.0,🟢 수집,포함,판매중,https://xn--ij1bycz62bkyq.com/product/detail.html?product_no=393&cate_no=105&display_group=1,오백미리,23:58:48
2026-07-09,비닐닷컴,에어캡봉투/비접착/250*300/200매,25.0,30.0,129.7,200.0,0.0,🟢 수집,포함,판매중,https://xn--ij1bycz62bkyq.com/product/detail.html?product_no=395&cate_no=105&display_group=1,천미리,23:58:48
2026-07-09,포장몰,에어캡봉투 180x280 300매-BG18,18.0,28.0,138.33333333333334,300.0,0.0,🟢 수집,미포함,품절,https://pojangmall.co.kr/product/에어캡봉투-180x280-300매-bg18/949/category/75/display/1/,오백미리,23:58:48
2026-07-09,포장몰,에어캡봉투 240x340 200매-BG24,24.0,34.0,209.0,200.0,0.0,🟢 수집,미포함,판매중,https://pojangmall.co.kr/product/에어캡봉투-240x340-200매-bg24/950/category/75/display/1/,천미리,23:58:48
2026-07-09,달인 패키지,에어캡봉투 25*25,25.0,25.0,88.0,5000.0,65000.0,🟢 수집,미포함,판매중,https://dalinweb.cafe24.com/shop/item.php?it_id=1703025293&opidx=10,범용,23:58:48
2026-07-10,달인 패키지,에어캡봉투 20*30,20.0,30.0,60.0,5000.0,65000.0,🟢 수집,미포함,판매중,https://dalinweb.cafe24.com/shop/item.php?it_id=1703025293&opidx=8,오백미리,23:51:19
2026-07-10,달인 패키지,에어캡봉투 25*35,25.0,35.0,108.0,4500.0,65000.0,🟢 수집,미포함,판매중,https://dalinweb.cafe24.com/shop/item.php?it_id=1703025293&opidx=11,천미리,23:51:19
2026-07-10,박스몰,에어캡봉투 20x30,20.0,30.0,75.0,440.0,5300.0,🟢 수집,미포함,판매중,https://www.boxmall.net/product/product_view.php?query=view&code=000038&no=427,오백미리,23:51:19
2026-07-10,박스몰,에어캡봉투 25x32,25.0,32.0,88.0,350.0,5300.0,🟢 수집,미포함,판매중,https://www.boxmall.net/product/product_view.php?query=view&code=000038&no=430,천미리,23:51:19
2026-07-10,박스몰,에어캡봉투 25x35,25.0,35.0,92.0,320.0,5300.0,🟢 수집,미포함,판매중,https://www.boxmall.net/product/product_view.php?query=view&code=000038&no=2693,천미리,23:51:19
2026-07-10,비닐닷컴,에어캡봉투/비접착/200*300/200매,20.0,30.0,103.2,200.0,0.0,🟢 수집,포함,판매중,https://xn--ij1bycz62bkyq.com/product/detail.html?product_no=393&cate_no=105&display_group=1,오백미리,23:51:19
2026-07-10,비닐닷컴,에어캡봉투/비접착/250*300/200매,25.0,30.0,129.7,200.0,0.0,🟢 수집,포함,판매중,https://xn--ij1bycz62bkyq.com/product/detail.html?product_no=395&cate_no=105&display_group=1,천미리,23:51:19
2026-07-10,포장몰,에어캡봉투 180x280 300매-BG18,18.0,28.0,138.33333333333334,300.0,0.0,🟢 수집,미포함,품절,https://pojangmall.co.kr/product/에어캡봉투-180x280-300매-bg18/949/category/75/display/1/,오백미리,23:51:19
2026-07-10,포장몰,에어캡봉투 240x340 200매-BG24,24.0,34.0,209.0,200.0,0.0,🟢 수집,미포함,판매중,https://pojangmall.co.kr/product/에어캡봉투-240x340-200매-bg24/950/category/75/display/1/,천미리,23:51:19
2026-07-10,달인 패키지,에어캡봉투 25*25,25.0,25.0,88.0,5000.0,65000.0,🟢 수집,미포함,판매중,https://dalinweb.cafe24.com/shop/item.php?it_id=1703025293&opidx=10,범용,23:51:19
2026-07-11,달인 패키지,에어캡봉투 20*30,20.0,30.0,60.0,5000.0,65000.0,🟢 수집,미포함,판매중,https://dalinweb.cafe24.com/shop/item.php?it_id=1703025293&opidx=8,오백미리,23:44:44
2026-07-11,달인 패키지,에어캡봉투 25*35,25.0,35.0,108.0,4500.0,65000.0,🟢 수집,미포함,판매중,https://dalinweb.cafe24.com/shop/item.php?it_id=1703025293&opidx=11,천미리,23:44:44
2026-07-11,박스몰,에어캡봉투 20x30,20.0,30.0,75.0,440.0,5300.0,🟢 수집,미포함,판매중,https://www.boxmall.net/product/product_view.php?query=view&code=000038&no=427,오백미리,23:44:44
2026-07-11,박스몰,에어캡봉투 25x32,25.0,32.0,88.0,350.0,5300.0,🟢 수집,미포함,판매중,https://www.boxmall.net/product/product_view.php?query=view&code=000038&no=430,천미리,23:44:44
2026-07-11,박스몰,에어캡봉투 25x35,25.0,35.0,92.0,320.0,5300.0,🟢 수집,미포함,판매중,https://www.boxmall.net/product/product_view.php?query=view&code=000038&no=2693,천미리,23:44:44
2026-07-11,비닐닷컴,에어캡봉투/비접착/200*300/200매,20.0,30.0,103.2,200.0,0.0,🟢 수집,포함,판매중,https://xn--ij1bycz62bkyq.com/product/detail.html?product_no=393&cate_no=105&display_group=1,오백미리,23:44:44
2026-07-11,비닐닷컴,에어캡봉투/비접착/250*300/200매,25.0,30.0,129.7,200.0,0.0,🟢 수집,포함,판매중,https://xn--ij1bycz62bkyq.com/product/detail.html?product_no=395&cate_no=105&display_group=1,천미리,23:44:44
2026-07-11,포장몰,에어캡봉투 180x280 300매-BG18,18.0,28.0,138.33333333333334,300.0,0.0,🟢 수집,미포함,품절,https://pojangmall.co.kr/product/에어캡봉투-180x280-300매-bg18/949/category/75/display/1/,오백미리,23:44:44
2026-07-11,포장몰,에어캡봉투 240x340 200매-BG24,24.0,34.0,209.0,200.0,0.0,🟢 수집,미포함,판매중,https://pojangmall.co.kr/product/에어캡봉투-240x340-200매-bg24/950/category/75/display/1/,천미리,23:44:44
2026-07-11,달인 패키지,에어캡봉투 25*25,25.0,25.0,88.0,5000.0,65000.0,🟢 수집,미포함,판매중,https://dalinweb.cafe24.com/shop/item.php?it_id=1703025293&opidx=10,범용,23:44:44
2026-07-12,달인 패키지,에어캡봉투 20*30,20.0,30.0,60.0,5000.0,65000.0,🟢 수집,미포함,판매중,https://dalinweb.cafe24.com/shop/item.php?it_id=1703025293&opidx=8,오백미리,23:14:22
2026-07-12,달인 패키지,에어캡봉투 25*35,25.0,35.0,108.0,4500.0,65000.0,🟢 수집,미포함,판매중,https://dalinweb.cafe24.com/shop/item.php?it_id=1703025293&opidx=11,천미리,23:14:22
2026-07-12,박스몰,에어캡봉투 20x30,20.0,30.0,75.0,440.0,5300.0,🟢 수집,미포함,판매중,https://www.boxmall.net/product/product_view.php?query=view&code=000038&no=427,오백미리,23:14:22
2026-07-12,박스몰,에어캡봉투 25x32,25.0,32.0,88.0,350.0,5300.0,🟢 수집,미포함,판매중,https://www.boxmall.net/product/product_view.php?query=view&code=000038&no=430,천미리,23:14:22
2026-07-12,박스몰,에어캡봉투 25x35,25.0,35.0,92.0,320.0,5300.0,🟢 수집,미포함,판매중,https://www.boxmall.net/product/product_view.php?query=view&code=000038&no=2693,천미리,23:14:22
2026-07-12,비닐닷컴,에어캡봉투/비접착/200*300/200매,20.0,30.0,103.2,200.0,0.0,🟢 수집,포함,판매중,https://xn--ij1bycz62bkyq.com/product/detail.html?product_no=393&cate_no=105&display_group=1,오백미리,23:14:22
2026-07-12,비닐닷컴,에어캡봉투/비접착/250*300/200매,25.0,30.0,129.7,200.0,0.0,🟢 수집,포함,판매중,https://xn--ij1bycz62bkyq.com/product/detail.html?product_no=395&cate_no=105&display_group=1,천미리,23:14:22
2026-07-12,포장몰,에어캡봉투 180x280 300매-BG18,18.0,28.0,138.33333333333334,300.0,0.0,🟢 수집,미포함,품절,https://pojangmall.co.kr/product/에어캡봉투-180x280-300매-bg18/949/category/75/display/1/,오백미리,23:14:22
2026-07-12,포장몰,에어캡봉투 240x340 200매-BG24,24.0,34.0,209.0,200.0,0.0,🟢 수집,미포함,판매중,https://pojangmall.co.kr/product/에어캡봉투-240x340-200매-bg24/950/category/75/display/1/,천미리,23:14:22
2026-07-12,달인 패키지,에어캡봉투 25*25,25.0,25.0,88.0,5000.0,65000.0,🟢 수집,미포함,판매중,https://dalinweb.cafe24.com/shop/item.php?it_id=1703025293&opidx=10,범용,23:14:22
2026-07-13,달인 패키지,에어캡봉투 20*30,20.0,30.0,60.0,5000.0,65000.0,🟢 수집,미포함,판매중,https://dalinweb.cafe24.com/shop/item.php?it_id=1703025293&opidx=8,오백미리,23:44:07
2026-07-13,달인 패키지,에어캡봉투 25*35,25.0,35.0,108.0,4500.0,65000.0,🟢 수집,미포함,판매중,https://dalinweb.cafe24.com/shop/item.php?it_id=1703025293&opidx=11,천미리,23:44:07
2026-07-13,박스몰,에어캡봉투 20x30,20.0,30.0,75.0,440.0,5300.0,🟢 수집,미포함,판매중,https://www.boxmall.net/product/product_view.php?query=view&code=000038&no=427,오백미리,23:44:07
2026-07-13,박스몰,에어캡봉투 25x32,25.0,32.0,88.0,350.0,5300.0,🟢 수집,미포함,판매중,https://www.boxmall.net/product/product_view.php?query=view&code=000038&no=430,천미리,23:44:07
2026-07-13,박스몰,에어캡봉투 25x35,25.0,35.0,92.0,320.0,5300.0,🟢 수집,미포함,판매중,https://www.boxmall.net/product/product_view.php?query=view&code=000038&no=2693,천미리,23:44:07
2026-07-13,비닐닷컴,에어캡봉투/비접착/200*300/200매,20.0,30.0,103.2,200.0,0.0,🟢 수집,포함,판매중,https://xn--ij1bycz62bkyq.com/product/detail.html?product_no=393&cate_no=105&display_group=1,오백미리,23:44:07
2026-07-13,비닐닷컴,에어캡봉투/비접착/250*300/200매,25.0,30.0,129.7,200.0,0.0,🟢 수집,포함,판매중,https://xn--ij1bycz62bkyq.com/product/detail.html?product_no=395&cate_no=105&display_group=1,천미리,23:44:07
2026-07-13,포장몰,에어캡봉투 180x280 300매-BG18,18.0,28.0,138.33333333333334,300.0,0.0,🟢 수집,미포함,품절,https://pojangmall.co.kr/product/에어캡봉투-180x280-300매-bg18/949/category/75/display/1/,오백미리,23:44:07
2026-07-13,포장몰,에어캡봉투 240x340 200매-BG24,24.0,34.0,209.0,200.0,0.0,🟢 수집,미포함,판매중,https://pojangmall.co.kr/product/에어캡봉투-240x340-200매-bg24/950/category/75/display/1/,천미리,23:44:07
2026-07-13,달인 패키지,에어캡봉투 25*25,25.0,25.0,88.0,5000.0,65000.0,🟢 수집,미포함,판매중,https://dalinweb.cafe24.com/shop/item.php?it_id=1703025293&opidx=10,범용,23:44:07
2026-07-14,달인 패키지,에어캡봉투 20*30,20.0,30.0,60.0,5000.0,65000.0,🟢 수집,미포함,판매중,https://dalinweb.cafe24.com/shop/item.php?it_id=1703025293&opidx=8,오백미리,23:43:12
2026-07-14,달인 패키지,에어캡봉투 25*35,25.0,35.0,108.0,4500.0,65000.0,🟢 수집,미포함,판매중,https://dalinweb.cafe24.com/shop/item.php?it_id=1703025293&opidx=11,천미리,23:43:12
2026-07-14,박스몰,에어캡봉투 20x30,20.0,30.0,75.0,440.0,5300.0,🟢 수집,미포함,판매중,https://www.boxmall.net/product/product_view.php?query=view&code=000038&no=427,오백미리,23:43:12
2026-07-14,박스몰,에어캡봉투 25x32,25.0,32.0,88.0,350.0,5300.0,🟢 수집,미포함,판매중,https://www.boxmall.net/product/product_view.php?query=view&code=000038&no=430,천미리,23:43:12
2026-07-14,박스몰,에어캡봉투 25x35,25.0,35.0,92.0,320.0,5300.0,🟢 수집,미포함,판매중,https://www.boxmall.net/product/product_view.php?query=view&code=000038&no=2693,천미리,23:43:12
2026-07-14,비닐닷컴,에어캡봉투/비접착/200*300/200매,20.0,30.0,103.2,200.0,0.0,🟢 수집,포함,판매중,https://xn--ij1bycz62bkyq.com/product/detail.html?product_no=393&cate_no=105&display_group=1,오백미리,23:43:12
2026-07-14,비닐닷컴,에어캡봉투/비접착/250*300/200매,25.0,30.0,129.7,200.0,0.0,🟢 수집,포함,판매중,https://xn--ij1bycz62bkyq.com/product/detail.html?product_no=395&cate_no=105&display_group=1,천미리,23:43:12
2026-07-14,포장몰,에어캡봉투 180x280 300매-BG18,18.0,28.0,138.33333333333334,300.0,0.0,🟢 수집,미포함,품절,https://pojangmall.co.kr/product/에어캡봉투-180x280-300매-bg18/949/category/75/display/1/,오백미리,23:43:12
2026-07-14,포장몰,에어캡봉투 240x340 200매-BG24,24.0,34.0,209.0,200.0,0.0,🟢 수집,미포함,판매중,https://pojangmall.co.kr/product/에어캡봉투-240x340-200매-bg24/950/category/75/display/1/,천미리,23:43:12
2026-07-14,달인 패키지,에어캡봉투 25*25,25.0,25.0,88.0,5000.0,65000.0,🟢 수집,미포함,판매중,https://dalinweb.cafe24.com/shop/item.php?it_id=1703025293&opidx=10,범용,23:43:12
2026-07-15,달인 패키지,에어캡봉투 20*30,20.0,30.0,60.0,5000.0,65000.0,🟢 수집,미포함,판매중,https://dalinweb.cafe24.com/shop/item.php?it_id=1703025293&opidx=8,오백미리,23:28:53
2026-07-15,달인 패키지,에어캡봉투 25*35,25.0,35.0,108.0,4500.0,65000.0,🟢 수집,미포함,판매중,https://dalinweb.cafe24.com/shop/item.php?it_id=1703025293&opidx=11,천미리,23:28:53
2026-07-15,박스몰,에어캡봉투 20x30,20.0,30.0,75.0,440.0,5300.0,🟢 수집,미포함,판매중,https://www.boxmall.net/product/product_view.php?query=view&code=000038&no=427,오백미리,23:28:53
2026-07-15,박스몰,에어캡봉투 25x32,25.0,32.0,88.0,350.0,5300.0,🟢 수집,미포함,판매중,https://www.boxmall.net/product/product_view.php?query=view&code=000038&no=430,천미리,23:28:53
2026-07-15,박스몰,에어캡봉투 25x35,25.0,35.0,92.0,320.0,5300.0,🟢 수집,미포함,판매중,https://www.boxmall.net/product/product_view.php?query=view&code=000038&no=2693,천미리,23:28:53
2026-07-15,비닐닷컴,에어캡봉투/비접착/200*300/200매,20.0,30.0,103.2,200.0,0.0,🟢 수집,포함,판매중,https://xn--ij1bycz62bkyq.com/product/detail.html?product_no=393&cate_no=105&display_group=1,오백미리,23:28:53
2026-07-15,비닐닷컴,에어캡봉투/비접착/250*300/200매,25.0,30.0,129.7,200.0,0.0,🟢 수집,포함,판매중,https://xn--ij1bycz62bkyq.com/product/detail.html?product_no=395&cate_no=105&display_group=1,천미리,23:28:53
2026-07-15,포장몰,에어캡봉투 180x280 300매-BG18,18.0,28.0,138.33333333333334,300.0,0.0,🟢 수집,미포함,품절,https://pojangmall.co.kr/product/에어캡봉투-180x280-300매-bg18/949/category/75/display/1/,오백미리,23:28:53
2026-07-15,포장몰,에어캡봉투 240x340 200매-BG24,24.0,34.0,209.0,200.0,0.0,🟢 수집,미포함,판매중,https://pojangmall.co.kr/product/에어캡봉투-240x340-200매-bg24/950/category/75/display/1/,천미리,23:28:53
2026-07-15,달인 패키지,에어캡봉투 25*25,25.0,25.0,88.0,5000.0,65000.0,🟢 수집,미포함,판매중,https://dalinweb.cafe24.com/shop/item.php?it_id=1703025293&opidx=10,범용,23:28:53
2026-07-16,달인 패키지,에어캡봉투 20*30,20.0,30.0,60.0,5000.0,65000.0,🟢 수집,미포함,판매중,https://dalinweb.cafe24.com/shop/item.php?it_id=1703025293&opidx=8,오백미리,23:26:10
2026-07-16,달인 패키지,에어캡봉투 25*35,25.0,35.0,108.0,4500.0,65000.0,🟢 수집,미포함,판매중,https://dalinweb.cafe24.com/shop/item.php?it_id=1703025293&opidx=11,천미리,23:26:10
2026-07-16,박스몰,에어캡봉투 20x30,20.0,30.0,75.0,440.0,5300.0,🟢 수집,미포함,판매중,https://www.boxmall.net/product/product_view.php?query=view&code=000038&no=427,오백미리,23:26:10
2026-07-16,박스몰,에어캡봉투 25x32,25.0,32.0,88.0,350.0,5300.0,🟢 수집,미포함,판매중,https://www.boxmall.net/product/product_view.php?query=view&code=000038&no=430,천미리,23:26:10
2026-07-16,박스몰,에어캡봉투 25x35,25.0,35.0,92.0,320.0,5300.0,🟢 수집,미포함,판매중,https://www.boxmall.net/product/product_view.php?query=view&code=000038&no=2693,천미리,23:26:10
2026-07-16,비닐닷컴,에어캡봉투/비접착/200*300/200매,20.0,30.0,103.2,200.0,0.0,🟢 수집,포함,판매중,https://xn--ij1bycz62bkyq.com/product/detail.html?product_no=393&cate_no=105&display_group=1,오백미리,23:26:10
2026-07-16,비닐닷컴,에어캡봉투/비접착/250*300/200매,25.0,30.0,129.7,200.0,0.0,🟢 수집,포함,판매중,https://xn--ij1bycz62bkyq.com/product/detail.html?product_no=395&cate_no=105&display_group=1,천미리,23:26:10
2026-07-16,포장몰,에어캡봉투 180x280 300매-BG18,18.0,28.0,138.33333333333334,300.0,0.0,🟢 수집,미포함,품절,https://pojangmall.co.kr/product/에어캡봉투-180x280-300매-bg18/949/category/75/display/1/,오백미리,23:26:10
2026-07-16,포장몰,에어캡봉투 240x340 200매-BG24,24.0,34.0,209.0,200.0,0.0,🟢 수집,미포함,판매중,https://pojangmall.co.kr/product/에어캡봉투-240x340-200매-bg24/950/category/75/display/1/,천미리,23:26:10
2026-07-16,달인 패키지,에어캡봉투 25*25,25.0,25.0,88.0,5000.0,65000.0,🟢 수집,미포함,판매중,https://dalinweb.cafe24.com/shop/item.php?it_id=1703025293&opidx=10,범용,23:26:10
2026-07-17,달인 패키지,에어캡봉투 20*30,20.0,30.0,60.0,5000.0,65000.0,🟢 수집,미포함,판매중,https://dalinweb.cafe24.com/shop/item.php?it_id=1703025293&opidx=8,오백미리,23:43:55
2026-07-17,달인 패키지,에어캡봉투 25*35,25.0,35.0,108.0,4500.0,65000.0,🟢 수집,미포함,판매중,https://dalinweb.cafe24.com/shop/item.php?it_id=1703025293&opidx=11,천미리,23:43:55
2026-07-17,박스몰,에어캡봉투 20x30,20.0,30.0,75.0,440.0,5300.0,🟢 수집,미포함,판매중,https://www.boxmall.net/product/product_view.php?query=view&code=000038&no=427,오백미리,23:43:55
2026-07-17,박스몰,에어캡봉투 25x32,25.0,32.0,88.0,350.0,5300.0,🟢 수집,미포함,판매중,https://www.boxmall.net/product/product_view.php?query=view&code=000038&no=430,천미리,23:43:55
2026-07-17,박스몰,에어캡봉투 25x35,25.0,35.0,92.0,320.0,5300.0,🟢 수집,미포함,판매중,https://www.boxmall.net/product/product_view.php?query=view&code=000038&no=2693,천미리,23:43:55
2026-07-17,비닐닷컴,에어캡봉투/비접착/200*300/200매,20.0,30.0,103.2,200.0,0.0,🟢 수집,포함,판매중,https://xn--ij1bycz62bkyq.com/product/detail.html?product_no=393&cate_no=105&display_group=1,오백미리,23:43:55
2026-07-17,비닐닷컴,에어캡봉투/비접착/250*300/200매,25.0,30.0,129.7,200.0,0.0,🟢 수집,포함,판매중,https://xn--ij1bycz62bkyq.com/product/detail.html?product_no=395&cate_no=105&display_group=1,천미리,23:43:55
2026-07-17,포장몰,에어캡봉투 180x280 300매-BG18,18.0,28.0,138.33333333333334,300.0,0.0,🟢 수집,미포함,품절,https://pojangmall.co.kr/product/에어캡봉투-180x280-300매-bg18/949/category/75/display/1/,오백미리,23:43:55
2026-07-17,포장몰,에어캡봉투 240x340 200매-BG24,24.0,34.0,209.0,200.0,0.0,🟢 수집,미포함,판매중,https://pojangmall.co.kr/product/에어캡봉투-240x340-200매-bg24/950/category/75/display/1/,천미리,23:43:55
2026-07-17,달인 패키지,에어캡봉투 25*25,25.0,25.0,88.0,5000.0,65000.0,🟢 수집,미포함,판매중,https://dalinweb.cafe24.com/shop/item.php?it_id=1703025293&opidx=10,범용,23:43:55
2026-07-18,달인 패키지,에어캡봉투 20*30,20.0,30.0,60.0,5000.0,65000.0,🟢 수집,미포함,판매중,https://dalinweb.cafe24.com/shop/item.php?it_id=1703025293&opidx=8,오백미리,23:43:45
2026-07-18,달인 패키지,에어캡봉투 25*35,25.0,35.0,108.0,4500.0,65000.0,🟢 수집,미포함,판매중,https://dalinweb.cafe24.com/shop/item.php?it_id=1703025293&opidx=11,천미리,23:43:45
2026-07-18,박스몰,에어캡봉투 20x30,20.0,30.0,75.0,440.0,5300.0,🟢 수집,미포함,판매중,https://www.boxmall.net/product/product_view.php?query=view&code=000038&no=427,오백미리,23:43:45
2026-07-18,박스몰,에어캡봉투 25x32,25.0,32.0,88.0,350.0,5300.0,🟢 수집,미포함,판매중,https://www.boxmall.net/product/product_view.php?query=view&code=000038&no=430,천미리,23:43:45
2026-07-18,박스몰,에어캡봉투 25x35,25.0,35.0,92.0,320.0,5300.0,🟢 수집,미포함,판매중,https://www.boxmall.net/product/product_view.php?query=view&code=000038&no=2693,천미리,23:43:45
2026-07-18,비닐닷컴,에어캡봉투/비접착/200*300/200매,20.0,30.0,103.2,200.0,0.0,🟢 수집,포함,판매중,https://xn--ij1bycz62bkyq.com/product/detail.html?product_no=393&cate_no=105&display_group=1,오백미리,23:43:45
2026-07-18,비닐닷컴,에어캡봉투/비접착/250*300/200매,25.0,30.0,129.7,200.0,0.0,🟢 수집,포함,판매중,https://xn--ij1bycz62bkyq.com/product/detail.html?product_no=395&cate_no=105&display_group=1,천미리,23:43:45
2026-07-18,포장몰,에어캡봉투 180x280 300매-BG18,18.0,28.0,138.33333333333334,300.0,0.0,🟢 수집,미포함,품절,https://pojangmall.co.kr/product/에어캡봉투-180x280-300매-bg18/949/category/75/display/1/,오백미리,23:43:45
2026-07-18,포장몰,에어캡봉투 240x340 200매-BG24,24.0,34.0,209.0,200.0,0.0,🟢 수집,미포함,판매중,https://pojangmall.co.kr/product/에어캡봉투-240x340-200매-bg24/950/category/75/display/1/,천미리,23:43:45
2026-07-18,달인 패키지,에어캡봉투 25*25,25.0,25.0,88.0,5000.0,65000.0,🟢 수집,미포함,판매중,https://dalinweb.cafe24.com/shop/item.php?it_id=1703025293&opidx=10,범용,23:43:45
2026-07-19,달인 패키지,에어캡봉투 20*30,20.0,30.0,60.0,5000.0,65000.0,🟢 수집,미포함,판매중,https://dalinweb.cafe24.com/shop/item.php?it_id=1703025293&opidx=8,오백미리,23:25:08
2026-07-19,달인 패키지,에어캡봉투 25*35,25.0,35.0,108.0,4500.0,65000.0,🟢 수집,미포함,판매중,https://dalinweb.cafe24.com/shop/item.php?it_id=1703025293&opidx=11,천미리,23:25:08
2026-07-19,박스몰,에어캡봉투 20x30,20.0,30.0,75.0,440.0,5300.0,🟢 수집,미포함,판매중,https://www.boxmall.net/product/product_view.php?query=view&code=000038&no=427,오백미리,23:25:08
2026-07-19,박스몰,에어캡봉투 25x32,25.0,32.0,88.0,350.0,5300.0,🟢 수집,미포함,판매중,https://www.boxmall.net/product/product_view.php?query=view&code=000038&no=430,천미리,23:25:08
2026-07-19,박스몰,에어캡봉투 25x35,25.0,35.0,92.0,320.0,5300.0,🟢 수집,미포함,판매중,https://www.boxmall.net/product/product_view.php?query=view&code=000038&no=2693,천미리,23:25:08
2026-07-19,비닐닷컴,에어캡봉투/비접착/200*300/200매,20.0,30.0,103.2,200.0,0.0,🟢 수집,포함,판매중,https://xn--ij1bycz62bkyq.com/product/detail.html?product_no=393&cate_no=105&display_group=1,오백미리,23:25:08
2026-07-19,비닐닷컴,에어캡봉투/비접착/250*300/200매,25.0,30.0,129.7,200.0,0.0,🟢 수집,포함,판매중,https://xn--ij1bycz62bkyq.com/product/detail.html?product_no=395&cate_no=105&display_group=1,천미리,23:25:08
2026-07-19,포장몰,에어캡봉투 180x280 300매-BG18,18.0,28.0,138.33333333333334,300.0,0.0,🟢 수집,미포함,품절,https://pojangmall.co.kr/product/에어캡봉투-180x280-300매-bg18/949/category/75/display/1/,오백미리,23:25:08
2026-07-19,포장몰,에어캡봉투 240x340 200매-BG24,24.0,34.0,209.0,200.0,0.0,🟢 수집,미포함,판매중,https://pojangmall.co.kr/product/에어캡봉투-240x340-200매-bg24/950/category/75/display/1/,천미리,23:25:08
2026-07-19,달인 패키지,에어캡봉투 25*25,25.0,25.0,88.0,5000.0,65000.0,🟢 수집,미포함,판매중,https://dalinweb.cafe24.com/shop/item.php?it_id=1703025293&opidx=10,범용,23:25:08
2026-07-20,달인 패키지,에어캡봉투 20*30,20.0,30.0,60.0,5000.0,65000.0,🟢 수집,미포함,판매중,https://dalinweb.cafe24.com/shop/item.php?it_id=1703025293&opidx=8,오백미리,23:49:04
2026-07-20,달인 패키지,에어캡봉투 25*35,25.0,35.0,108.0,4500.0,65000.0,🟢 수집,미포함,판매중,https://dalinweb.cafe24.com/shop/item.php?it_id=1703025293&opidx=11,천미리,23:49:04
2026-07-20,박스몰,에어캡봉투 20x30,20.0,30.0,75.0,440.0,5300.0,🟢 수집,미포함,판매중,https://www.boxmall.net/product/product_view.php?query=view&code=000038&no=427,오백미리,23:49:04
2026-07-20,박스몰,에어캡봉투 25x32,25.0,32.0,88.0,350.0,5300.0,🟢 수집,미포함,판매중,https://www.boxmall.net/product/product_view.php?query=view&code=000038&no=430,천미리,23:49:04
2026-07-20,박스몰,에어캡봉투 25x35,25.0,35.0,92.0,320.0,5300.0,🟢 수집,미포함,판매중,https://www.boxmall.net/product/product_view.php?query=view&code=000038&no=2693,천미리,23:49:04
2026-07-20,비닐닷컴,에어캡봉투/비접착/200*300/200매,20.0,30.0,103.2,200.0,0.0,🟢 수집,포함,판매중,https://xn--ij1bycz62bkyq.com/product/detail.html?product_no=393&cate_no=105&display_group=1,오백미리,23:49:04
2026-07-20,비닐닷컴,에어캡봉투/비접착/250*300/200매,25.0,30.0,129.7,200.0,0.0,🟢 수집,포함,판매중,https://xn--ij1bycz62bkyq.com/product/detail.html?product_no=395&cate_no=105&display_group=1,천미리,23:49:04
2026-07-20,포장몰,에어캡봉투 180x280 300매-BG18,18.0,28.0,138.33333333333334,300.0,0.0,🟢 수집,미포함,품절,https://pojangmall.co.kr/product/에어캡봉투-180x280-300매-bg18/949/category/75/display/1/,오백미리,23:49:04
2026-07-20,포장몰,에어캡봉투 240x340 200매-BG24,24.0,34.0,209.0,200.0,0.0,🟢 수집,미포함,판매중,https://pojangmall.co.kr/product/에어캡봉투-240x340-200매-bg24/950/category/75/display/1/,천미리,23:49:04
2026-07-20,달인 패키지,에어캡봉투 25*25,25.0,25.0,88.0,5000.0,65000.0,🟢 수집,미포함,판매중,https://dalinweb.cafe24.com/shop/item.php?it_id=1703025293&opidx=10,범용,23:49:04
2026-07-21,달인 패키지,에어캡봉투 20*30,20.0,30.0,60.0,5000.0,65000.0,🟢 수집,미포함,판매중,https://dalinweb.cafe24.com/shop/item.php?it_id=1703025293&opidx=8,오백미리,23:49:38
2026-07-21,달인 패키지,에어캡봉투 25*35,25.0,35.0,108.0,4500.0,65000.0,🟢 수집,미포함,판매중,https://dalinweb.cafe24.com/shop/item.php?it_id=1703025293&opidx=11,천미리,23:49:38
2026-07-21,박스몰,에어캡봉투 20x30,20.0,30.0,75.0,440.0,5300.0,🟢 수집,미포함,판매중,https://www.boxmall.net/product/product_view.php?query=view&code=000038&no=427,오백미리,23:49:38
2026-07-21,박스몰,에어캡봉투 25x32,25.0,32.0,88.0,350.0,5300.0,🟢 수집,미포함,판매중,https://www.boxmall.net/product/product_view.php?query=view&code=000038&no=430,천미리,23:49:38
2026-07-21,박스몰,에어캡봉투 25x35,25.0,35.0,92.0,320.0,5300.0,🟢 수집,미포함,판매중,https://www.boxmall.net/product/product_view.php?query=view&code=000038&no=2693,천미리,23:49:38
2026-07-21,비닐닷컴,에어캡봉투/비접착/200*300/200매,20.0,30.0,103.2,200.0,0.0,🟢 수집,포함,판매중,https://xn--ij1bycz62bkyq.com/product/detail.html?product_no=393&cate_no=105&display_group=1,오백미리,23:49:38
2026-07-21,비닐닷컴,에어캡봉투/비접착/250*300/200매,25.0,30.0,129.7,200.0,0.0,🟢 수집,포함,판매중,https://xn--ij1bycz62bkyq.com/product/detail.html?product_no=395&cate_no=105&display_group=1,천미리,23:49:38
2026-07-21,포장몰,에어캡봉투 180x280 300매-BG18,18.0,28.0,138.33333333333334,300.0,0.0,🟢 수집,미포함,품절,https://pojangmall.co.kr/product/에어캡봉투-180x280-300매-bg18/949/category/75/display/1/,오백미리,23:49:38
2026-07-21,포장몰,에어캡봉투 240x340 200매-BG24,24.0,34.0,209.0,200.0,0.0,🟢 수집,미포함,판매중,https://pojangmall.co.kr/product/에어캡봉투-240x340-200매-bg24/950/category/75/display/1/,천미리,23:49:38
2026-07-21,달인 패키지,에어캡봉투 25*25,25.0,25.0,88.0,5000.0,65000.0,🟢 수집,미포함,판매중,https://dalinweb.cafe24.com/shop/item.php?it_id=1703025293&opidx=10,범용,23:49:38
2026-07-22,달인 패키지,에어캡봉투 20*30,20.0,30.0,54.0,5000.0,65000.0,🟢 수집,미포함,판매중,https://dalinweb.cafe24.com/shop/item.php?it_id=1703025293&opidx=8,오백미리,23:55:26
2026-07-22,달인 패키지,에어캡봉투 25*35,25.0,35.0,72.0,4500.0,65000.0,🟢 수집,미포함,판매중,https://dalinweb.cafe24.com/shop/item.php?it_id=1703025293&opidx=11,천미리,23:55:26
2026-07-22,박스몰,에어캡봉투 20x30,20.0,30.0,75.0,440.0,5300.0,🟢 수집,미포함,판매중,https://www.boxmall.net/product/product_view.php?query=view&code=000038&no=427,오백미리,23:55:26
2026-07-22,박스몰,에어캡봉투 25x32,25.0,32.0,88.0,350.0,5300.0,🟢 수집,미포함,판매중,https://www.boxmall.net/product/product_view.php?query=view&code=000038&no=430,천미리,23:55:26
2026-07-22,박스몰,에어캡봉투 25x35,25.0,35.0,92.0,320.0,5300.0,🟢 수집,미포함,판매중,https://www.boxmall.net/product/product_view.php?query=view&code=000038&no=2693,천미리,23:55:26
2026-07-22,비닐닷컴,에어캡봉투/비접착/200*300/200매,20.0,30.0,103.2,200.0,0.0,🟢 수집,포함,판매중,https://xn--ij1bycz62bkyq.com/product/detail.html?product_no=393&cate_no=105&display_group=1,오백미리,23:55:26
2026-07-22,비닐닷컴,에어캡봉투/비접착/250*300/200매,25.0,30.0,129.7,200.0,0.0,🟢 수집,포함,판매중,https://xn--ij1bycz62bkyq.com/product/detail.html?product_no=395&cate_no=105&display_group=1,천미리,23:55:26
2026-07-22,포장몰,에어캡봉투 180x280 300매-BG18,18.0,28.0,138.33333333333334,300.0,0.0,🟢 수집,미포함,품절,https://pojangmall.co.kr/product/에어캡봉투-180x280-300매-bg18/949/category/75/display/1/,오백미리,23:55:26
2026-07-22,포장몰,에어캡봉투 240x340 200매-BG24,24.0,34.0,209.0,200.0,0.0,🟢 수집,미포함,판매중,https://pojangmall.co.kr/product/에어캡봉투-240x340-200매-bg24/950/category/75/display/1/,천미리,23:55:26
2026-07-22,달인 패키지,에어캡봉투 25*25,25.0,25.0,55.0,5000.0,65000.0,🟢 수집,미포함,판매중,https://dalinweb.cafe24.com/shop/item.php?it_id=1703025293&opidx=10,범용,23:55:26
2026-07-23,달인 패키지,에어캡봉투 20*30,20.0,30.0,54.0,5000.0,65000.0,🟢 수집,미포함,판매중,https://dalinweb.cafe24.com/shop/item.php?it_id=1703025293&opidx=8,오백미리,23:53:36
2026-07-23,달인 패키지,에어캡봉투 25*35,25.0,35.0,72.0,4500.0,65000.0,🟢 수집,미포함,판매중,https://dalinweb.cafe24.com/shop/item.php?it_id=1703025293&opidx=11,천미리,23:53:36
2026-07-23,박스몰,에어캡봉투 20x30,20.0,30.0,75.0,440.0,5300.0,🟢 수집,미포함,판매중,https://www.boxmall.net/product/product_view.php?query=view&code=000038&no=427,오백미리,23:53:36
2026-07-23,박스몰,에어캡봉투 25x32,25.0,32.0,88.0,350.0,5300.0,🟢 수집,미포함,판매중,https://www.boxmall.net/product/product_view.php?query=view&code=000038&no=430,천미리,23:53:36
2026-07-23,박스몰,에어캡봉투 25x35,25.0,35.0,92.0,320.0,5300.0,🟢 수집,미포함,판매중,https://www.boxmall.net/product/product_view.php?query=view&code=000038&no=2693,천미리,23:53:36
2026-07-23,비닐닷컴,에어캡봉투/비접착/200*300/200매,20.0,30.0,103.2,200.0,0.0,🟢 수집,포함,판매중,https://xn--ij1bycz62bkyq.com/product/detail.html?product_no=393&cate_no=105&display_group=1,오백미리,23:53:36
2026-07-23,비닐닷컴,에어캡봉투/비접착/250*300/200매,25.0,30.0,129.7,200.0,0.0,🟢 수집,포함,판매중,https://xn--ij1bycz62bkyq.com/product/detail.html?product_no=395&cate_no=105&display_group=1,천미리,23:53:36
2026-07-23,포장몰,에어캡봉투 180x280 300매-BG18,18.0,28.0,138.33333333333334,300.0,0.0,🟢 수집,미포함,품절,https://pojangmall.co.kr/product/에어캡봉투-180x280-300매-bg18/949/category/75/display/1/,오백미리,23:53:36
2026-07-23,포장몰,에어캡봉투 240x340 200매-BG24,24.0,34.0,209.0,200.0,0.0,🟢 수집,미포함,판매중,https://pojangmall.co.kr/product/에어캡봉투-240x340-200매-bg24/950/category/75/display/1/,천미리,23:53:36
2026-07-23,달인 패키지,에어캡봉투 25*25,25.0,25.0,55.0,5000.0,65000.0,🟢 수집,미포함,판매중,https://dalinweb.cafe24.com/shop/item.php?it_id=1703025293&opidx=10,범용,23:53:36
2026-07-24,달인 패키지,에어캡봉투 20*30,20.0,30.0,54.0,5000.0,65000.0,🟢 수집,미포함,판매중,https://dalinweb.cafe24.com/shop/item.php?it_id=1703025293&opidx=8,오백미리,23:56:36
2026-07-24,달인 패키지,에어캡봉투 25*35,25.0,35.0,72.0,4500.0,65000.0,🟢 수집,미포함,판매중,https://dalinweb.cafe24.com/shop/item.php?it_id=1703025293&opidx=11,천미리,23:56:36
2026-07-24,박스몰,에어캡봉투 20x30,20.0,30.0,75.0,440.0,5300.0,🟢 수집,미포함,판매중,https://www.boxmall.net/product/product_view.php?query=view&code=000038&no=427,오백미리,23:56:36
2026-07-24,박스몰,에어캡봉투 25x32,25.0,32.0,88.0,350.0,5300.0,🟢 수집,미포함,판매중,https://www.boxmall.net/product/product_view.php?query=view&code=000038&no=430,천미리,23:56:36
2026-07-24,박스몰,에어캡봉투 25x35,25.0,35.0,92.0,320.0,5300.0,🟢 수집,미포함,판매중,https://www.boxmall.net/product/product_view.php?query=view&code=000038&no=2693,천미리,23:56:36
2026-07-24,비닐닷컴,에어캡봉투/비접착/200*300/200매,20.0,30.0,103.2,200.0,0.0,🟢 수집,포함,판매중,https://xn--ij1bycz62bkyq.com/product/detail.html?product_no=393&cate_no=105&display_group=1,오백미리,23:56:36
2026-07-24,비닐닷컴,에어캡봉투/비접착/250*300/200매,25.0,30.0,129.7,200.0,0.0,🟢 수집,포함,판매중,https://xn--ij1bycz62bkyq.com/product/detail.html?product_no=395&cate_no=105&display_group=1,천미리,23:56:36
2026-07-24,포장몰,에어캡봉투 180x280 300매-BG18,18.0,28.0,138.33333333333334,300.0,0.0,🟢 수집,미포함,품절,https://pojangmall.co.kr/product/에어캡봉투-180x280-300매-bg18/949/category/75/display/1/,오백미리,23:56:36
2026-07-24,포장몰,에어캡봉투 240x340 200매-BG24,24.0,34.0,209.0,200.0,0.0,🟢 수집,미포함,판매중,https://pojangmall.co.kr/product/에어캡봉투-240x340-200매-bg24/950/category/75/display/1/,천미리,23:56:36
2026-07-24,달인 패키지,에어캡봉투 25*25,25.0,25.0,55.0,5000.0,65000.0,🟢 수집,미포함,판매중,https://dalinweb.cafe24.com/shop/item.php?it_id=1703025293&opidx=10,범용,23:56:36
2026-07-25,달인 패키지,에어캡봉투 20*30,20.0,30.0,54.0,5000.0,65000.0,🟢 수집,미포함,판매중,https://dalinweb.cafe24.com/shop/item.php?it_id=1703025293&opidx=8,오백미리,23:27:18
2026-07-25,달인 패키지,에어캡봉투 25*35,25.0,35.0,72.0,4500.0,65000.0,🟢 수집,미포함,판매중,https://dalinweb.cafe24.com/shop/item.php?it_id=1703025293&opidx=11,천미리,23:27:18
2026-07-25,박스몰,에어캡봉투 20x30,20.0,30.0,75.0,440.0,5300.0,🟢 수집,미포함,판매중,https://www.boxmall.net/product/product_view.php?query=view&code=000038&no=427,오백미리,23:27:18
2026-07-25,박스몰,에어캡봉투 25x32,25.0,32.0,88.0,350.0,5300.0,🟢 수집,미포함,판매중,https://www.boxmall.net/product/product_view.php?query=view&code=000038&no=430,천미리,23:27:18
2026-07-25,박스몰,에어캡봉투 25x35,25.0,35.0,92.0,320.0,5300.0,🟢 수집,미포함,판매중,https://www.boxmall.net/product/product_view.php?query=view&code=000038&no=2693,천미리,23:27:18
2026-07-25,비닐닷컴,에어캡봉투/비접착/200*300/200매,20.0,30.0,103.2,200.0,0.0,🟢 수집,포함,판매중,https://xn--ij1bycz62bkyq.com/product/detail.html?product_no=393&cate_no=105&display_group=1,오백미리,23:27:18
2026-07-25,비닐닷컴,에어캡봉투/비접착/250*300/200매,25.0,30.0,129.7,200.0,0.0,🟢 수집,포함,판매중,https://xn--ij1bycz62bkyq.com/product/detail.html?product_no=395&cate_no=105&display_group=1,천미리,23:27:18
2026-07-25,포장몰,에어캡봉투 180x280 300매-BG18,18.0,28.0,138.33333333333334,300.0,0.0,🟢 수집,미포함,품절,https://pojangmall.co.kr/product/에어캡봉투-180x280-300매-bg18/949/category/75/display/1/,오백미리,23:27:18
2026-07-25,포장몰,에어캡봉투 240x340 200매-BG24,24.0,34.0,209.0,200.0,0.0,🟢 수집,미포함,판매중,https://pojangmall.co.kr/product/에어캡봉투-240x340-200매-bg24/950/category/75/display/1/,천미리,23:27:18
2026-07-25,달인 패키지,에어캡봉투 25*25,25.0,25.0,55.0,5000.0,65000.0,🟢 수집,미포함,판매중,https://dalinweb.cafe24.com/shop/item.php?it_id=1703025293&opidx=10,범용,23:27:18
2026-07-26,달인 패키지,에어캡봉투 20*30,20.0,30.0,54.0,5000.0,65000.0,🟢 수집,미포함,판매중,https://dalinweb.cafe24.com/shop/item.php?it_id=1703025293&opidx=8,오백미리,23:27:44
2026-07-26,달인 패키지,에어캡봉투 25*35,25.0,35.0,72.0,4500.0,65000.0,🟢 수집,미포함,판매중,https://dalinweb.cafe24.com/shop/item.php?it_id=1703025293&opidx=11,천미리,23:27:44
2026-07-26,박스몰,에어캡봉투 20x30,20.0,30.0,75.0,440.0,5300.0,🟢 수집,미포함,판매중,https://www.boxmall.net/product/product_view.php?query=view&code=000038&no=427,오백미리,23:27:44
2026-07-26,박스몰,에어캡봉투 25x32,25.0,32.0,88.0,350.0,5300.0,🟢 수집,미포함,판매중,https://www.boxmall.net/product/product_view.php?query=view&code=000038&no=430,천미리,23:27:44
2026-07-26,박스몰,에어캡봉투 25x35,25.0,35.0,92.0,320.0,5300.0,🟢 수집,미포함,판매중,https://www.boxmall.net/product/product_view.php?query=view&code=000038&no=2693,천미리,23:27:44
2026-07-26,비닐닷컴,에어캡봉투/비접착/200*300/200매,20.0,30.0,103.2,200.0,0.0,🟢 수집,포함,판매중,https://xn--ij1bycz62bkyq.com/product/detail.html?product_no=393&cate_no=105&display_group=1,오백미리,23:27:44
2026-07-26,비닐닷컴,에어캡봉투/비접착/250*300/200매,25.0,30.0,129.7,200.0,0.0,🟢 수집,포함,판매중,https://xn--ij1bycz62bkyq.com/product/detail.html?product_no=395&cate_no=105&display_group=1,천미리,23:27:44
2026-07-26,포장몰,에어캡봉투 180x280 300매-BG18,18.0,28.0,138.33333333333334,300.0,0.0,🟢 수집,미포함,품절,https://pojangmall.co.kr/product/에어캡봉투-180x280-300매-bg18/949/category/75/display/1/,오백미리,23:27:44
2026-07-26,포장몰,에어캡봉투 240x340 200매-BG24,24.0,34.0,209.0,200.0,0.0,🟢 수집,미포함,판매중,https://pojangmall.co.kr/product/에어캡봉투-240x340-200매-bg24/950/category/75/display/1/,천미리,23:27:44
2026-07-26,달인 패키지,에어캡봉투 25*25,25.0,25.0,55.0,5000.0,65000.0,🟢 수집,미포함,판매중,https://dalinweb.cafe24.com/shop/item.php?it_id=1703025293&opidx=10,범용,23:27:44
2026-07-27,달인 패키지,에어캡봉투 20*30,20.0,30.0,54.0,5000.0,65000.0,🟢 수집,미포함,판매중,https://dalinweb.cafe24.com/shop/item.php?it_id=1703025293&opidx=8,오백미리,23:56:16
2026-07-27,달인 패키지,에어캡봉투 25*35,25.0,35.0,72.0,4500.0,65000.0,🟢 수집,미포함,판매중,https://dalinweb.cafe24.com/shop/item.php?it_id=1703025293&opidx=11,천미리,23:56:16
2026-07-27,박스몰,에어캡봉투 20x30,20.0,30.0,75.0,440.0,5300.0,🟢 수집,미포함,판매중,https://www.boxmall.net/product/product_view.php?query=view&code=000038&no=427,오백미리,23:56:16
2026-07-27,박스몰,에어캡봉투 25x32,25.0,32.0,88.0,350.0,5300.0,🟢 수집,미포함,판매중,https://www.boxmall.net/product/product_view.php?query=view&code=000038&no=430,천미리,23:56:16
2026-07-27,박스몰,에어캡봉투 25x35,25.0,35.0,92.0,320.0,5300.0,🟢 수집,미포함,판매중,https://www.boxmall.net/product/product_view.php?query=view&code=000038&no=2693,천미리,23:56:16
2026-07-27,비닐닷컴,에어캡봉투/비접착/200*300/200매,20.0,30.0,103.2,200.0,0.0,🟢 수집,포함,판매중,https://xn--ij1bycz62bkyq.com/product/detail.html?product_no=393&cate_no=105&display_group=1,오백미리,23:56:16
2026-07-27,비닐닷컴,에어캡봉투/비접착/250*300/200매,25.0,30.0,129.7,200.0,0.0,🟢 수집,포함,판매중,https://xn--ij1bycz62bkyq.com/product/detail.html?product_no=395&cate_no=105&display_group=1,천미리,23:56:16
2026-07-27,포장몰,에어캡봉투 180x280 300매-BG18,18.0,28.0,138.33333333333334,300.0,0.0,🟢 수집,미포함,품절,https://pojangmall.co.kr/product/에어캡봉투-180x280-300매-bg18/949/category/75/display/1/,오백미리,23:56:16
2026-07-27,포장몰,에어캡봉투 240x340 200매-BG24,24.0,34.0,209.0,200.0,0.0,🟢 수집,미포함,판매중,https://pojangmall.co.kr/product/에어캡봉투-240x340-200매-bg24/950/category/75/display/1/,천미리,23:56:16
2026-07-27,달인 패키지,에어캡봉투 25*25,25.0,25.0,55.0,5000.0,65000.0,🟢 수집,미포함,판매중,https://dalinweb.cafe24.com/shop/item.php?it_id=1703025293&opidx=10,범용,23:56:16
2026-07-28,달인 패키지,에어캡봉투 20*30,20.0,30.0,54.0,5000.0,65000.0,🟢 수집,미포함,판매중,https://dalinweb.cafe24.com/shop/item.php?it_id=1703025293&opidx=8,오백미리,23:52:29
2026-07-28,달인 패키지,에어캡봉투 25*35,25.0,35.0,72.0,4500.0,65000.0,🟢 수집,미포함,판매중,https://dalinweb.cafe24.com/shop/item.php?it_id=1703025293&opidx=11,천미리,23:52:29
2026-07-28,박스몰,에어캡봉투 20x30,20.0,30.0,75.0,440.0,5300.0,🟢 수집,미포함,판매중,https://www.boxmall.net/product/product_view.php?query=view&code=000038&no=427,오백미리,23:52:29
2026-07-28,박스몰,에어캡봉투 25x32,25.0,32.0,88.0,350.0,5300.0,🟢 수집,미포함,판매중,https://www.boxmall.net/product/product_view.php?query=view&code=000038&no=430,천미리,23:52:29
2026-07-28,박스몰,에어캡봉투 25x35,25.0,35.0,92.0,320.0,5300.0,🟢 수집,미포함,판매중,https://www.boxmall.net/product/product_view.php?query=view&code=000038&no=2693,천미리,23:52:29
2026-07-28,비닐닷컴,에어캡봉투/비접착/200*300/200매,20.0,30.0,103.2,200.0,0.0,🟢 수집,포함,판매중,https://xn--ij1bycz62bkyq.com/product/detail.html?product_no=393&cate_no=105&display_group=1,오백미리,23:52:29
2026-07-28,비닐닷컴,에어캡봉투/비접착/250*300/200매,25.0,30.0,129.7,200.0,0.0,🟢 수집,포함,판매중,https://xn--ij1bycz62bkyq.com/product/detail.html?product_no=395&cate_no=105&display_group=1,천미리,23:52:29
2026-07-28,포장몰,에어캡봉투 180x280 300매-BG18,18.0,28.0,138.33333333333334,300.0,0.0,🟢 수집,미포함,품절,https://pojangmall.co.kr/product/에어캡봉투-180x280-300매-bg18/949/category/75/display/1/,오백미리,23:52:29
2026-07-28,포장몰,에어캡봉투 240x340 200매-BG24,24.0,34.0,209.0,200.0,0.0,🟢 수집,미포함,판매중,https://pojangmall.co.kr/product/에어캡봉투-240x340-200매-bg24/950/category/75/display/1/,천미리,23:52:29
2026-07-28,달인 패키지,에어캡봉투 25*25,25.0,25.0,55.0,5000.0,65000.0,🟢 수집,미포함,판매중,https://dalinweb.cafe24.com/shop/item.php?it_id=1703025293&opidx=10,범용,23:52:29
2026-07-29,달인 패키지,에어캡봉투 20*30,20.0,30.0,54.0,5000.0,65000.0,🟢 수집,미포함,판매중,https://dalinweb.cafe24.com/shop/item.php?it_id=1703025293&opidx=8,오백미리,23:54:33
2026-07-29,달인 패키지,에어캡봉투 25*35,25.0,35.0,72.0,4500.0,65000.0,🟢 수집,미포함,판매중,https://dalinweb.cafe24.com/shop/item.php?it_id=1703025293&opidx=11,천미리,23:54:33
2026-07-29,박스몰,에어캡봉투 20x30,20.0,30.0,75.0,440.0,5300.0,🟢 수집,미포함,판매중,https://www.boxmall.net/product/product_view.php?query=view&code=000038&no=427,오백미리,23:54:33
2026-07-29,박스몰,에어캡봉투 25x32,25.0,32.0,88.0,350.0,5300.0,🟢 수집,미포함,판매중,https://www.boxmall.net/product/product_view.php?query=view&code=000038&no=430,천미리,23:54:33
2026-07-29,박스몰,에어캡봉투 25x35,25.0,35.0,92.0,320.0,5300.0,🟢 수집,미포함,판매중,https://www.boxmall.net/product/product_view.php?query=view&code=000038&no=2693,천미리,23:54:33
2026-07-29,비닐닷컴,에어캡봉투/비접착/200*300/200매,20.0,30.0,103.2,200.0,0.0,🟢 수집,포함,판매중,https://xn--ij1bycz62bkyq.com/product/detail.html?product_no=393&cate_no=105&display_group=1,오백미리,23:54:33
2026-07-29,비닐닷컴,에어캡봉투/비접착/250*300/200매,25.0,30.0,129.7,200.0,0.0,🟢 수집,포함,판매중,https://xn--ij1bycz62bkyq.com/product/detail.html?product_no=395&cate_no=105&display_group=1,천미리,23:54:33
2026-07-29,포장몰,에어캡봉투 180x280 300매-BG18,18.0,28.0,138.33333333333334,300.0,0.0,🟢 수집,미포함,품절,https://pojangmall.co.kr/product/에어캡봉투-180x280-300매-bg18/949/category/75/display/1/,오백미리,23:54:33
2026-07-29,포장몰,에어캡봉투 240x340 200매-BG24,24.0,34.0,209.0,200.0,0.0,🟢 수집,미포함,판매중,https://pojangmall.co.kr/product/에어캡봉투-240x340-200매-bg24/950/category/75/display/1/,천미리,23:54:33
2026-07-29,달인 패키지,에어캡봉투 25*25,25.0,25.0,55.0,5000.0,65000.0,🟢 수집,미포함,판매중,https://dalinweb.cafe24.com/shop/item.php?it_id=1703025293&opidx=10,범용,23:54:33
2026-07-30,달인 패키지,에어캡봉투 20*30,20.0,30.0,54.0,5000.0,65000.0,🟢 수집,미포함,판매중,https://dalinweb.cafe24.com/shop/item.php?it_id=1703025293&opidx=8,오백미리,23:58:40
2026-07-30,달인 패키지,에어캡봉투 25*35,25.0,35.0,72.0,4500.0,65000.0,🟢 수집,미포함,판매중,https://dalinweb.cafe24.com/shop/item.php?it_id=1703025293&opidx=11,천미리,23:58:40
2026-07-30,박스몰,에어캡봉투 20x30,20.0,30.0,75.0,440.0,5300.0,🟢 수집,미포함,판매중,https://www.boxmall.net/product/product_view.php?query=view&code=000038&no=427,오백미리,23:58:40
2026-07-30,박스몰,에어캡봉투 25x32,25.0,32.0,88.0,350.0,5300.0,🟢 수집,미포함,판매중,https://www.boxmall.net/product/product_view.php?query=view&code=000038&no=430,천미리,23:58:40
2026-07-30,박스몰,에어캡봉투 25x35,25.0,35.0,92.0,320.0,5300.0,🟢 수집,미포함,판매중,https://www.boxmall.net/product/product_view.php?query=view&code=000038&no=2693,천미리,23:58:40
2026-07-30,비닐닷컴,에어캡봉투/비접착/200*300/200매,20.0,30.0,103.2,200.0,0.0,🟢 수집,포함,판매중,https://xn--ij1bycz62bkyq.com/product/detail.html?product_no=393&cate_no=105&display_group=1,오백미리,23:58:40
2026-07-30,비닐닷컴,에어캡봉투/비접착/250*300/200매,25.0,30.0,129.7,200.0,0.0,🟢 수집,포함,판매중,https://xn--ij1bycz62bkyq.com/product/detail.html?product_no=395&cate_no=105&display_group=1,천미리,23:58:40
2026-07-30,포장몰,에어캡봉투 180x280 300매-BG18,18.0,28.0,138.33333333333334,300.0,0.0,🟢 수집,미포함,품절,https://pojangmall.co.kr/product/에어캡봉투-180x280-300매-bg18/949/category/75/display/1/,오백미리,23:58:40
2026-07-30,포장몰,에어캡봉투 240x340 200매-BG24,24.0,34.0,209.0,200.0,0.0,🟢 수집,미포함,판매중,https://pojangmall.co.kr/product/에어캡봉투-240x340-200매-bg24/950/category/75/display/1/,천미리,23:58:40
2026-07-30,달인 패키지,에어캡봉투 25*25,25.0,25.0,55.0,5000.0,65000.0,🟢 수집,미포함,판매중,https://dalinweb.cafe24.com/shop/item.php?it_id=1703025293&opidx=10,범용,23:58:40
2026-07-31,달인 패키지,에어캡봉투 20*30,20.0,30.0,54.0,5000.0,65000.0,🟢 수집,미포함,판매중,https://dalinweb.cafe24.com/shop/item.php?it_id=1703025293&opidx=8,오백미리,23:54:17
2026-07-31,달인 패키지,에어캡봉투 25*35,25.0,35.0,72.0,4500.0,65000.0,🟢 수집,미포함,판매중,https://dalinweb.cafe24.com/shop/item.php?it_id=1703025293&opidx=11,천미리,23:54:17
2026-07-31,박스몰,에어캡봉투 20x30,20.0,30.0,75.0,440.0,5300.0,🟢 수집,미포함,판매중,https://www.boxmall.net/product/product_view.php?query=view&code=000038&no=427,오백미리,23:54:17
2026-07-31,박스몰,에어캡봉투 25x32,25.0,32.0,88.0,350.0,5300.0,🟢 수집,미포함,판매중,https://www.boxmall.net/product/product_view.php?query=view&code=000038&no=430,천미리,23:54:17
2026-07-31,박스몰,에어캡봉투 25x35,25.0,35.0,92.0,320.0,5300.0,🟢 수집,미포함,판매중,https://www.boxmall.net/product/product_view.php?query=view&code=000038&no=2693,천미리,23:54:17
2026-07-31,비닐닷컴,에어캡봉투/비접착/200*300/200매,20.0,30.0,103.2,200.0,0.0,🟢 수집,포함,판매중,https://xn--ij1bycz62bkyq.com/product/detail.html?product_no=393&cate_no=105&display_group=1,오백미리,23:54:17
2026-07-31,비닐닷컴,에어캡봉투/비접착/250*300/200매,25.0,30.0,129.7,200.0,0.0,🟢 수집,포함,판매중,https://xn--ij1bycz62bkyq.com/product/detail.html?product_no=395&cate_no=105&display_group=1,천미리,23:54:17
2026-07-31,포장몰,에어캡봉투 180x280 300매-BG18,18.0,28.0,138.33333333333334,300.0,0.0,🟢 수집,미포함,품절,https://pojangmall.co.kr/product/에어캡봉투-180x280-300매-bg18/949/category/75/display/1/,오백미리,23:54:17
2026-07-31,포장몰,에어캡봉투 240x340 200매-BG24,24.0,34.0,209.0,200.0,0.0,🟢 수집,미포함,판매중,https://pojangmall.co.kr/product/에어캡봉투-240x340-200매-bg24/950/category/75/display/1/,천미리,23:54:17
2026-07-31,달인 패키지,에어캡봉투 25*25,25.0,25.0,55.0,5000.0,65000.0,🟢 수집,미포함,판매중,https://dalinweb.cafe24.com/shop/item.php?it_id=1703025293&opidx=10,범용,23:54:17
2026-08-01,달인 패키지,에어캡봉투 20*30,20.0,30.0,54.0,5000.0,65000.0,🟢 수집,미포함,판매중,https://dalinweb.cafe24.com/shop/item.php?it_id=1703025293&opidx=8,오백미리,23:26:12
2026-08-01,달인 패키지,에어캡봉투 25*35,25.0,35.0,72.0,4500.0,65000.0,🟢 수집,미포함,판매중,https://dalinweb.cafe24.com/shop/item.php?it_id=1703025293&opidx=11,천미리,23:26:12
2026-08-01,박스몰,에어캡봉투 20x30,20.0,30.0,75.0,440.0,5300.0,🟢 수집,미포함,판매중,https://www.boxmall.net/product/product_view.php?query=view&code=000038&no=427,오백미리,23:26:12
2026-08-01,박스몰,에어캡봉투 25x32,25.0,32.0,88.0,350.0,5300.0,🟢 수집,미포함,판매중,https://www.boxmall.net/product/product_view.php?query=view&code=000038&no=430,천미리,23:26:12
2026-08-01,박스몰,에어캡봉투 25x35,25.0,35.0,92.0,320.0,5300.0,🟢 수집,미포함,판매중,https://www.boxmall.net/product/product_view.php?query=view&code=000038&no=2693,천미리,23:26:12
2026-08-01,비닐닷컴,에어캡봉투/비접착/200*300/200매,20.0,30.0,103.2,200.0,0.0,🟢 수집,포함,판매중,https://xn--ij1bycz62bkyq.com/product/detail.html?product_no=393&cate_no=105&display_group=1,오백미리,23:26:12
2026-08-01,비닐닷컴,에어캡봉투/비접착/250*300/200매,25.0,30.0,129.7,200.0,0.0,🟢 수집,포함,판매중,https://xn--ij1bycz62bkyq.com/product/detail.html?product_no=395&cate_no=105&display_group=1,천미리,23:26:12
2026-08-01,포장몰,에어캡봉투 180x280 300매-BG18,18.0,28.0,138.33333333333334,300.0,0.0,🟢 수집,미포함,품절,https://pojangmall.co.kr/product/에어캡봉투-180x280-300매-bg18/949/category/75/display/1/,오백미리,23:26:12
2026-08-01,포장몰,에어캡봉투 240x340 200매-BG24,24.0,34.0,209.0,200.0,0.0,🟢 수집,미포함,판매중,https://pojangmall.co.kr/product/에어캡봉투-240x340-200매-bg24/950/category/75/display/1/,천미리,23:26:12
2026-08-01,달인 패키지,에어캡봉투 25*25,25.0,25.0,55.0,5000.0,65000.0,🟢 수집,미포함,판매중,https://dalinweb.cafe24.com/shop/item.php?it_id=1703025293&opidx=10,범용,23:26:12
2026-08-02,달인 패키지,에어캡봉투 20*30,20.0,30.0,54.0,5000.0,65000.0,🟢 수집,미포함,판매중,https://dalinweb.cafe24.com/shop/item.php?it_id=1703025293&opidx=8,오백미리,23:26:25
2026-08-02,달인 패키지,에어캡봉투 25*35,25.0,35.0,72.0,4500.0,65000.0,🟢 수집,미포함,판매중,https://dalinweb.cafe24.com/shop/item.php?it_id=1703025293&opidx=11,천미리,23:26:25
2026-08-02,박스몰,에어캡봉투 20x30,20.0,30.0,75.0,440.0,5300.0,🟢 수집,미포함,판매중,https://www.boxmall.net/product/product_view.php?query=view&code=000038&no=427,오백미리,23:26:25
2026-08-02,박스몰,에어캡봉투 25x32,25.0,32.0,88.0,350.0,5300.0,🟢 수집,미포함,판매중,https://www.boxmall.net/product/product_view.php?query=view&code=000038&no=430,천미리,23:26:25
2026-08-02,박스몰,에어캡봉투 25x35,25.0,35.0,92.0,320.0,5300.0,🟢 수집,미포함,판매중,https://www.boxmall.net/product/product_view.php?query=view&code=000038&no=2693,천미리,23:26:25
2026-08-02,비닐닷컴,에어캡봉투/비접착/200*300/200매,20.0,30.0,103.2,200.0,0.0,🟢 수집,포함,판매중,https://xn--ij1bycz62bkyq.com/product/detail.html?product_no=393&cate_no=105&display_group=1,오백미리,23:26:25
2026-08-02,비닐닷컴,에어캡봉투/비접착/250*300/200매,25.0,30.0,129.7,200.0,0.0,🟢 수집,포함,판매중,https://xn--ij1bycz62bkyq.com/product/detail.html?product_no=395&cate_no=105&display_group=1,천미리,23:26:25
2026-08-02,포장몰,에어캡봉투 180x280 300매-BG18,18.0,28.0,138.33333333333334,300.0,0.0,🟢 수집,미포함,품절,https://pojangmall.co.kr/product/에어캡봉투-180x280-300매-bg18/949/category/75/display/1/,오백미리,23:26:25
2026-08-02,포장몰,에어캡봉투 240x340 200매-BG24,24.0,34.0,209.0,200.0,0.0,🟢 수집,미포함,판매중,https://pojangmall.co.kr/product/에어캡봉투-240x340-200매-bg24/950/category/75/display/1/,천미리,23:26:25
2026-08-02,달인 패키지,에어캡봉투 25*25,25.0,25.0,55.0,5000.0,65000.0,🟢 수집,미포함,판매중,https://dalinweb.cafe24.com/shop/item.php?it_id=1703025293&opidx=10,범용,23:26:25
2026-08-03,달인 패키지,에어캡봉투 20*30,20.0,30.0,54.0,5000.0,65000.0,🟢 수집,미포함,판매중,https://dalinweb.cafe24.com/shop/item.php?it_id=1703025293&opidx=8,오백미리,22:53:24
2026-08-03,달인 패키지,에어캡봉투 25*35,25.0,35.0,72.0,4500.0,65000.0,🟢 수집,미포함,판매중,https://dalinweb.cafe24.com/shop/item.php?it_id=1703025293&opidx=11,천미리,22:53:24
2026-08-03,박스몰,에어캡봉투 20x30,20.0,30.0,75.0,440.0,5300.0,🟢 수집,미포함,판매중,https://www.boxmall.net/product/product_view.php?query=view&code=000038&no=427,오백미리,22:53:24
2026-08-03,박스몰,에어캡봉투 25x32,25.0,32.0,88.0,350.0,5300.0,🟢 수집,미포함,판매중,https://www.boxmall.net/product/product_view.php?query=view&code=000038&no=430,천미리,22:53:24
2026-08-03,박스몰,에어캡봉투 25x35,25.0,35.0,92.0,320.0,5300.0,🟢 수집,미포함,판매중,https://www.boxmall.net/product/product_view.php?query=view&code=000038&no=2693,천미리,22:53:24
2026-08-03,비닐닷컴,에어캡봉투/비접착/200*300/200매,20.0,30.0,103.2,200.0,0.0,🟢 수집,포함,판매중,https://xn--ij1bycz62bkyq.com/product/detail.html?product_no=393&cate_no=105&display_group=1,오백미리,22:53:24
2026-08-03,비닐닷컴,에어캡봉투/비접착/250*300/200매,25.0,30.0,129.7,200.0,0.0,🟢 수집,포함,판매중,https://xn--ij1bycz62bkyq.com/product/detail.html?product_no=395&cate_no=105&display_group=1,천미리,22:53:24
2026-08-03,포장몰,에어캡봉투 180x280 300매-BG18,18.0,28.0,138.33333333333334,300.0,0.0,🟢 수집,미포함,품절,https://pojangmall.co.kr/product/에어캡봉투-180x280-300매-bg18/949/category/75/display/1/,오백미리,22:53:24
2026-08-03,포장몰,에어캡봉투 240x340 200매-BG24,24.0,34.0,209.0,200.0,0.0,🟢 수집,미포함,판매중,https://pojangmall.co.kr/product/에어캡봉투-240x340-200매-bg24/950/category/75/display/1/,천미리,22:53:24
2026-08-03,달인 패키지,에어캡봉투 25*25,25.0,25.0,55.0,5000.0,65000.0,🟢 수집,미포함,판매중,https://dalinweb.cafe24.com/shop/item.php?it_id=1703025293&opidx=10,범용,22:53:24
2026-08-04,달인 패키지,에어캡봉투 20*30,20.0,30.0,54.0,5000.0,65000.0,🟢 수집,미포함,판매중,https://dalinweb.cafe24.com/shop/item.php?it_id=1703025293&opidx=8,오백미리,13:50:28
2026-08-04,달인 패키지,에어캡봉투 25*35,25.0,35.0,72.0,4500.0,65000.0,🟢 수집,미포함,판매중,https://dalinweb.cafe24.com/shop/item.php?it_id=1703025293&opidx=11,천미리,13:50:28
2026-08-04,박스몰,에어캡봉투 20x30,20.0,30.0,75.0,440.0,5300.0,🟢 수집,미포함,판매중,https://www.boxmall.net/product/product_view.php?query=view&code=000038&no=427,오백미리,13:50:28
2026-08-04,박스몰,에어캡봉투 25x32,25.0,32.0,88.0,350.0,5300.0,🟢 수집,미포함,판매중,https://www.boxmall.net/product/product_view.php?query=view&code=000038&no=430,천미리,13:50:28
2026-08-04,박스몰,에어캡봉투 25x35,25.0,35.0,92.0,320.0,5300.0,🟢 수집,미포함,판매중,https://www.boxmall.net/product/product_view.php?query=view&code=000038&no=2693,천미리,13:50:28
2026-08-04,비닐닷컴,에어캡봉투/비접착/200*300/200매,20.0,30.0,103.2,200.0,0.0,🟢 수집,포함,판매중,https://xn--ij1bycz62bkyq.com/product/detail.html?product_no=393&cate_no=105&display_group=1,오백미리,13:50:28
2026-08-04,비닐닷컴,에어캡봉투/비접착/250*300/200매,25.0,30.0,129.7,200.0,0.0,🟢 수집,포함,판매중,https://xn--ij1bycz62bkyq.com/product/detail.html?product_no=395&cate_no=105&display_group=1,천미리,13:50:28
2026-08-04,포장몰,에어캡봉투 180x280 300매-BG18,18.0,28.0,138.33333333333334,300.0,0.0,🟢 수집,미포함,품절,https://pojangmall.co.kr/product/에어캡봉투-180x280-300매-bg18/949/category/75/display/1/,오백미리,13:50:28
2026-08-04,포장몰,에어캡봉투 240x340 200매-BG24,24.0,34.0,209.0,200.0,0.0,🟢 수집,미포함,판매중,https://pojangmall.co.kr/product/에어캡봉투-240x340-200매-bg24/950/category/75/display/1/,천미리,13:50:28
2026-08-04,달인 패키지,에어캡봉투 25*25,25.0,25.0,55.0,5000.0,65000.0,🟢 수집,미포함,판매중,https://dalinweb.cafe24.com/shop/item.php?it_id=1703025293&opidx=10,범용,13:50:28
